-- MySQL dump 10.13  Distrib 8.0.36, for macos14 (arm64)
--
-- Host: localhost    Database: high-street-gym-db
-- ------------------------------------------------------
-- Server version	8.0.36

/*!40101 SET @OLD_CHARACTER_SET_CLIENT=@@CHARACTER_SET_CLIENT */;
/*!40101 SET @OLD_CHARACTER_SET_RESULTS=@@CHARACTER_SET_RESULTS */;
/*!40101 SET @OLD_COLLATION_CONNECTION=@@COLLATION_CONNECTION */;
/*!50503 SET NAMES utf8 */;
/*!40103 SET @OLD_TIME_ZONE=@@TIME_ZONE */;
/*!40103 SET TIME_ZONE='+00:00' */;
/*!40014 SET @OLD_UNIQUE_CHECKS=@@UNIQUE_CHECKS, UNIQUE_CHECKS=0 */;
/*!40014 SET @OLD_FOREIGN_KEY_CHECKS=@@FOREIGN_KEY_CHECKS, FOREIGN_KEY_CHECKS=0 */;
/*!40101 SET @OLD_SQL_MODE=@@SQL_MODE, SQL_MODE='NO_AUTO_VALUE_ON_ZERO' */;
/*!40111 SET @OLD_SQL_NOTES=@@SQL_NOTES, SQL_NOTES=0 */;

--
-- Table structure for table `activities`
--

DROP TABLE IF EXISTS `activities`;
/*!40101 SET @saved_cs_client     = @@character_set_client */;
/*!50503 SET character_set_client = utf8mb4 */;
CREATE TABLE `activities` (
  `activity_id` int NOT NULL AUTO_INCREMENT,
  `activity_name` varchar(100) NOT NULL,
  `activity_description` text NOT NULL,
  `activity_duration` enum('30min','45min','60min') DEFAULT NULL,
  `activity_removed` int DEFAULT '0',
  PRIMARY KEY (`activity_id`),
  UNIQUE KEY `activity_name` (`activity_name`)
) ENGINE=InnoDB AUTO_INCREMENT=22 DEFAULT CHARSET=utf8mb4 COLLATE=utf8mb4_0900_ai_ci;
/*!40101 SET character_set_client = @saved_cs_client */;

--
-- Dumping data for table `activities`
--

LOCK TABLES `activities` WRITE;
/*!40000 ALTER TABLE `activities` DISABLE KEYS */;
INSERT INTO `activities` VALUES (1,'Hot Air Yoga ','Hot Air Yoga is very hot and very healthy!','45min',0),(2,'Pilates','Pilates is a physical fitness system developed by Joseph Pilates in the early 20th century. It focuses on strengthening the body with an emphasis on core stability, flexibility, balance, and posture. Pilates exercises can be performed on a mat or using specialized equipment such as the Reformer, Cadillac, and Wunda Chair.','45min',0),(3,'Abs','Working on your abdominal muscles (abs) at the gym can help you build core strength, improve posture, and enhance overall stability. A strong core supports your spine and can help prevent injuries during other workouts. Here are some effective exercises you can do in the gym to target your abs','30min',0),(4,'HIIT','High-intensity interval training (HIIT) is a popular and effective exercise strategy that alternates between short bursts of intense exercise and periods of rest or lower-intensity exercise. HIIT can be applied to various types of workouts, including cardio, strength training, and a combination of both.','30min',0),(5,'Indoor cycling','Indoor cycling, also known as spin class or spinning, is a group exercise that takes place on stationary bikes in a fitness studio or gym. It is a high-energy, motivating workout that combines cardiovascular training, strength endurance, and mental focus. Indoor cycling classes are often led by an instructor who guides participants through various resistance levels, speeds, and cycling techniques','45min',0),(6,'Boxing','Boxing is a combat sport that involves two individuals competing against each other by throwing punches while wearing gloves. It\'s a popular sport that combines athleticism, skill, and strategy. Boxing can also be an effective workout, providing a full-body exercise that improves cardiovascular health, strength, and coordination.','45min',0),(7,'Zumba','Zumba is a dance-fitness program that combines energetic dance moves with music from various genres, including Latin, hip-hop, pop, and international rhythms. It was created in the 1990s by Colombian dancer and choreographer Alberto. Zumba is a fun and effective workout that can improve cardiovascular health, coordination, and overall fitness.','60min',0),(8,'CrossFit','CrossFit is a high-intensity fitness program that combines elements of\n                weightlifting, gymnastics, and cardio. Workouts are varied and designed to improve\n                overall fitness and functional strength through constantly changing exercises.\n                CrossFit classes often involve short, intense bursts of exercise followed by rest or\n                lighter activity.','60min',0),(9,'TRX Training','TRX training uses suspension straps to perform bodyweight exercises that\n                challenge balance, flexibility, and core stability. The TRX system allows for a wide\n                range of exercises that can be adjusted for different fitness levels and target\n                various muscle groups.','60min',0),(10,'Kettlebell Training','Kettlebell training uses a cast-iron weight with a handle, known as a\n                kettlebell, to perform dynamic exercises. These workouts often involve swinging,\n                lifting, or pressing the kettlebell to improve strength, power, and endurance.\n                Kettlebell training also helps with balance and coordination.','45min',0),(14,'High Jump Training','High Jump training is very good for your cardiology health..','45min',0),(17,'High Intensive Training','High Jump training is very good for your cardiology health.','45min',0),(19,'Very Intensive Training','High Jump training is very good for your cardiology health.','45min',0),(21,'Group HIIT Training','GROUP HIIT Training is very good for your cardiology health.','45min',0);
/*!40000 ALTER TABLE `activities` ENABLE KEYS */;
UNLOCK TABLES;

--
-- Table structure for table `blog_posts`
--

DROP TABLE IF EXISTS `blog_posts`;
/*!40101 SET @saved_cs_client     = @@character_set_client */;
/*!50503 SET character_set_client = utf8mb4 */;
CREATE TABLE `blog_posts` (
  `post_id` int NOT NULL AUTO_INCREMENT,
  `post_datetime` datetime NOT NULL,
  `post_user_id` int NOT NULL,
  `post_title` varchar(255) NOT NULL,
  `post_content` text NOT NULL,
  `archived` tinyint(1) DEFAULT '0',
  PRIMARY KEY (`post_id`),
  KEY `blog_posts_ibfk_1` (`post_user_id`),
  CONSTRAINT `blog_posts_ibfk_1` FOREIGN KEY (`post_user_id`) REFERENCES `users` (`user_id`)
) ENGINE=InnoDB AUTO_INCREMENT=105 DEFAULT CHARSET=utf8mb4 COLLATE=utf8mb4_0900_ai_ci;
/*!40101 SET character_set_client = @saved_cs_client */;

--
-- Dumping data for table `blog_posts`
--

LOCK TABLES `blog_posts` WRITE;
/*!40000 ALTER TABLE `blog_posts` DISABLE KEYS */;
INSERT INTO `blog_posts` VALUES (23,'2024-05-09 02:10:57',40,'How is the weather doing?','The gym, a sanctuary for body and mind, where sweat mingles with determination, and the echo of clanging weights fills the air. It&#x27;s more than just a room filled with equipment; it&#x27;s a haven for self-improvement, a temple of discipline, and a playground for progress.\r\n\r\nWithin its walls, people of all shapes and sizes converge, each with their own story, their own goals, and their own journey. Some come seeking strength, others chasing endurance, and many in pursuit of peace within themselves.\r\n\r\nIt&#x27;s a place where limits are tested, boundaries are pushed, and excuses are left at the door. Here, effort is rewarded, consistency is king, and the only competition is the person staring back in the mirror.\r\n\r\nIn the gym, there&#x27;s a sense of camaraderie, a silent understanding that we&#x27;re all in this together, striving for better versions of ourselves. Whether it&#x27;s the encouraging nod from a fellow lifter or the friendly banter with the gym staff, there&#x27;s a sense of community that transcends individual pursuits.\r\n\r\nAnd as we sweat through each rep, as our muscles burn and our lungs gasp for air, we find solace in the discomfort, knowing that growth lies on the other side of resistance.',0),(24,'2024-05-09 02:29:50',40,'Working out benefits.','Physical Benefits:\r\nStrengthens Muscles: Exercise, particularly resistance training, helps build and tone muscles, leading to increased strength and endurance.\r\nImproves Cardiovascular Health: Aerobic exercises like running, swimming, and cycling improve heart health by increasing heart rate, improving circulation, and reducing the risk of cardiovascular diseases.\r\nAids Weight Management: Regular physical activity helps burn calories and maintain a healthy weight. It can also boost metabolism, making it easier to manage body weight over time.\r\nEnhances Flexibility and Mobility: Stretching and flexibility exercises improve joint range of motion, reducing the risk of injury and improving overall mobility.\r\nBoosts Immune System: Moderate exercise strengthens the immune system, reducing the risk of illness and infection.\r\nImproves Bone Density: Weight-bearing exercises like walking, jogging, and weightlifting help maintain bone density, reducing the risk of osteoporosis and fractures.\r\nMental Benefits:\r\nReduces Stress: Exercise triggers the release of endorphins, neurotransmitters that reduce stress and improve mood, leading to a sense of relaxation and well-being.\r\nIncreases Energy Levels: Regular physical activity boosts energy levels and reduces feelings of fatigue, leading to increased productivity and vitality.\r\nImproves Sleep Quality: Exercise can help regulate sleep patterns and improve sleep quality, leading to better rest and overall cognitive function.\r\nEnhances Cognitive Function: Physical activity stimulates brain function, improving memory, focus, and mental clarity.\r\nBoosts Self-Confidence: Achieving fitness goals and improving physical health can boost self-esteem and confidence, leading to a more positive self-image.\r\nAlleviates Symptoms of Anxiety and Depression: Exercise has been shown to reduce symptoms of anxiety and depression by increasing levels of serotonin and dopamine, neurotransmitters that regulate mood.\r\n',0),(25,'2024-05-09 06:21:03',40,'Please come to high street gym',' endurance.&#x5C;r&#x5C;n&#x27; +\r\n      &#x27;Improves Cardiovascular Health: Aerobic exercises like running, swimming, and cycling improve heart health by increasing heart rate, improving circulation, and reducing the risk of cardiovascular diseases.&#x5C;r&#x5C;n&#x27; +\r\n      &#x27;Aids Weight Management: Regular physical activity helps burn calories and maintain a healthy weight. It can also boost metabolism, making it easier to manage body weight over time.&#x5C;r&#x5C;n&#x27; +\r\n      &#x27;Enhances Flexibility and Mobility: Stretching and flexibility exercises improve joint range of motion, reducing the risk of injury and improving overall mobility.&#x5C;r&#x5C;n&#x27; +\r\n      &#x27;Boosts Immune System: Moderate exercise strengthens the immune system, reducing the risk of illness and infection.&#x5C;r&#x5C;n&#x27; +\r\n      &#x27;Improves Bone Density: Weight-bearing exercises like walking, jogging, and weightlifting help maintain bone density, reducing the risk of osteoporosis and fractures.&#x5C;r&#x5C;n&#x27; +\r\n      &#x27;Mental Benefits:&#x5C;r&#x5C;n&#x27; +\r\n      &#x27;Reduces Stress: Exercise triggers the release of endorphins, neurotransmitters that reduce stress and improve mood, leading to a sense of relaxation and well-being.&#x5C;r&#x5C;n&#x27; +\r\n      &#x27;Increases Energy Levels: Regular physical activity boosts energy levels and reduces feelings of fatigue, leading to increased productivity and vitality.&#x5C;r&#x5C;n&#x27; +\r\n      &#x27;Improves Sleep Quality: Exercise can help regulate sleep patterns and improve sleep quality, leading to better rest and overall cognitive function.&#x5C;r&#x5C;n&#x27; +\r\n      &#x27;Enhances Cognitive Function: Physical activity stimulates brain function, improving memory, focus, and mental clarity.&#x5C;r&#x5C;n&#x27; +\r\n      &#x27;Boosts Self-Confidence: Achieving fitness goals and improving physical health can boost self-esteem and confidence, leading to a more positive self-image.&#x5C;r&#x5C;n&#x27; +\r\n      &#x27;Alleviates Symptoms of Anxiety and Depression: Exercise has been shown to reduce symptoms of anxiety and depression by increasing levels ',0),(26,'2024-05-09 14:31:21',42,'Weight loss is not always good for health.','Weight loss isn&#x27;t always synonymous with good health. While achieving and maintaining a healthy weight can reduce the risk of certain health conditions, such as obesity-related diseases like diabetes and heart disease, extreme or rapid weight loss methods can sometimes be harmful.\r\n\r\nHere are a few reasons why weight loss may not always be good for health:\r\n\r\n    Loss of Muscle Mass: Rapid weight loss can result in the loss of muscle mass along with fat. This can lead to decreased strength and endurance, as well as a slower metabolism.\r\n\r\n    Nutritional Deficiencies: Crash diets or extreme calorie restriction may not provide adequate nutrients, leading to deficiencies in essential vitamins and minerals. This can weaken the immune system and negatively impact overall health.\r\n\r\n    Loss of Bone Density: Some weight loss methods, particularly those that involve severe calorie restriction or excessive exercise, can lead to a loss of bone density, increasing the risk of osteoporosis and bone fractures.\r\n\r\n    Negative Psychological Effects: Focusing solely on weight loss can lead to unhealthy behaviors and negative psychological effects, such as disordered eating patterns, low self-esteem, and body image issues.\r\n\r\n    Loss of Energy and Vitality: Rapid weight loss can result in fatigue, weakness, and a lack of energy, which can impact daily functioning and quality of life.\r\n\r\nIt&#x27;s important to prioritize overall health and well-being rather than just focusing on the number on the scale. A balanced approach to weight management, including regular physical activity, a nutritious diet, adequate sleep, and stress management, is essential for long-term health and sustainability. Consulting with healthcare professionals, such as dietitians or doctors, can also provide personalized guidance and support on achieving and maintaining a healthy weight in a safe and sustainable manner.\r\n',0),(27,'2024-05-10 11:13:38',32,'High Street Gym is opening a new Branch soon In South Bank!','Dear All friends:\nWe are thrilled to share some exciting news with our amazing community – High Street Gym is expanding! In our relentless pursuit of providing top-notch fitness experiences and fostering healthier lifestyles, we&amp;amp;amp;amp;amp;amp;amp;amp;amp;amp;amp;amp;amp;amp;amp;amp;amp;amp;amp;amp;amp;amp;amp;#x27;re opening a brand-new branch to better serve you.\n\nThis expansion represents a significant milestone in our journey, and it wouldn&amp;amp;amp;amp;amp;amp;amp;amp;amp;amp;amp;amp;amp;amp;amp;amp;amp;amp;amp;amp;amp;amp;amp;#x27;t have been possible without the incredible support and dedication from each and every one of you. As we grow, our commitment to excellence remains unwavering, and we&amp;amp;amp;amp;amp;amp;amp;amp;amp;amp;amp;amp;amp;amp;amp;amp;amp;amp;amp;amp;amp;amp;amp;#x27;re excited to bring the High Street Gym experience to even more fitness enthusiasts.\n\nWhat can you expect from our new branch? Expect state-of-the-art facilities equipped with cutting-edge fitness equipment, expert trainers ready to guide you on your fitness journey, and a vibrant community atmosphere that motivates and inspires.\n\nStay tuned for more updates as we embark on this new chapter together. Thank you for being a part of the High Street Gym family – we can&amp;amp;amp;amp;amp;amp;amp;amp;amp;amp;amp;amp;amp;amp;amp;amp;amp;amp;amp;amp;amp;amp;amp;#x27;t wait to welcome you to our new branch and continue making fitness more accessible, enjoyable, and rewarding for everyone.',0),(28,'2024-05-10 11:28:42',45,'My first day in High Street Gym','My first day in High Street gym was great. wonderful places, brand new training programs with energetic teams. I feel like I will finally call this my gym. High Street Gym. The best gym ever.',0),(29,'2024-05-14 01:57:55',46,'This is my first blog in high street','fasdfasdfasdfsadfsdfgasdfgsadfadsfvafasdfasdfasdfsadfsdfgasdfgsadfadsfvafasdfasdfasdfsadfsdfgasdfgsadfadsfvafasdfasdfasdfsadfsdfgasdfgsadfadsfvafasdfasdfasdfsadfsdfgasdfgsadfadsfva!!!!!',1),(30,'2024-05-14 02:16:59',42,'fjgoasdf@jasdfasd','fjgoasdf@jasdfasdfjgoasdf@jasdfasdfjgoasdf@jasdfasdfjgoasdf@jasdfasdfjgoasdf@jasdfasdfjgoasdf@jasdfasdfjgoasdf@jasdfasdfjgoasdf@jasdfasdfjgoasdf@jasdfasd',1),(31,'2024-05-20 05:54:52',32,'Today is a good day!!!!','Today is a good day!!!!Let&#x27;s go to high street gym for some training. \r\n\r\nToday is a good day!!!!Let&#x27;s go to high street gym for some training.\r\n\r\nToday is a good day!!!!Let&#x27;s go to high street gym for some training.',1),(32,'2024-05-20 06:01:15',32,'Weight training ','Weight training, also known as resistance training or strength training, involves exercises designed to improve strength and endurance by exercising specific muscle groups against resistance. This resistance can come from free weights (such as dumbbells and barbells), weight machines, resistance bands, or even body weight. Here are some key points about weight training:\r\n\r\n### Benefits of Weight Training\r\n1. **Muscle Strength and Tone**: Increases muscle mass, strength, and tone.\r\n2. **Bone Density**: Improves bone density and reduces the risk of osteoporosis.\r\n3. **Metabolic Rate**: Boosts metabolism, helping with weight management.\r\n4. **Joint Function**: Enhances joint stability and reduces the risk of injury.\r\n5. **Mental Health**: Can improve mood and mental health through the release of endorphins.\r\n\r\n### Types of Weight Training Exercises\r\n1. **Free Weight Exercises**:\r\n   - **Squats**: Targets the legs and glutes.\r\n   - **Deadlifts**: Works the back, legs, and core.\r\n   - **Bench Press**: Focuses on the chest, shoulders, and triceps.\r\n   - **Bicep Curls**: Targets the biceps.\r\n   - **Shoulder Press**: Works the shoulders and triceps.\r\n\r\n2. **Machine Exercises**:\r\n   - **Leg Press**: Targets the legs and glutes.\r\n   - **Lat Pulldown**: Works the back and biceps.\r\n   - **Chest Press**: Focuses on the chest, shoulders, and triceps.\r\n   - **Leg Extension**: Targets the quadriceps.\r\n\r\n3. **Bodyweight Exercises**:\r\n   - **Push-ups**: Works the chest, shoulders,\r\nLet&#x27;s go training.',1),(33,'2024-05-20 06:09:41',47,'How is the weather?','If you&#x27;ve already included &#96;&lt;meta charset=&quot;UTF-8&quot;&gt;&#96; in your HTML document and are still seeing &#96;&amp;#x27;&#96; instead of an apostrophe, there may be other factors at play. Here are some steps to troubleshoot and resolve this issue:\r\n\r\n### Check Server and File Encoding\r\n1. **Ensure the File is Saved with UTF-8 Encoding**:\r\n   - When saving your HTML file, make sure it&#x27;s saved with UTF-8 encoding. Most text editors have an option to specify the encoding when saving the file.\r\n\r\n2. **Server Configuration**:\r\n   - Ensure that your web server is serving the HTML document with the correct &#96;Content-Type&#96; header. It should include &#96;charset=UTF-8&#96;. For example:\r\n     &#96;&#96;&#96;\r\n     Content-Type: text&#x2F;html; charset=UTF-8\r\n     &#96;&#96;&#96;\r\n\r\n### Ensure Correct Handling in Code\r\n1. **Input and Output Encoding**:\r\n   - If you are dynamically generating or processing the HTML content (e.g., using a server-side language like PHP, Python, Node.js), ensure that the input and output are properly encoded in UTF-8.\r\n\r\n### Correctly Decode HTML Entities\r\n1. **Use JavaScript to Decode Entities**:\r\n   - If the issue persists and you are displaying content dynamically, you can decode HTML entities in JavaScript before inserting the text into the HTML. Here’s an example of how to do this:\r\n\r\n   &#96;&#96;&#96;html\r\n   &lt;!DOCTYPE html&gt;\r\n   &lt;html lang=&quot;en&quot;&gt;\r\n   &lt;head&gt;\r\n       &lt;meta charset=&quot;UTF-8&quot;&gt;\r\n       &lt;title&gt;Test&lt;&#x2F;title&gt;\r\n   &lt;&#x2F;head&gt;\r\n   &lt;body&gt;\r\n       &lt;script&gt;\r\n           function decodeHTMLEntities(text) {\r\n               var textArea = document.createElement(&#x27;textarea&#x27;);\r\n               textArea.innerHTML = text;\r\n               return textArea.value;\r\n           }\r\n\r\n           var encodedText = &quot;Today is a good day!!!!Let&amp;#x27;s go to high street gym for some training.&quot;;\r\n           var decodedText = decodeHTMLEntities(encodedText);\r\n           document.write(decodedText);\r\n       &lt;&#x2F;script&gt;\r\n   &lt;&#x2F;body&gt;\r\n   &lt;&#x2F;html&gt;\r\n   &#96;&#96;&#96;\r\n\r\n### Ensure Correct Storage and Retrieval\r\n1. **Database Encoding**:\r\n   - If your content is stored in a database, ensure the database tables and columns are using UTF-8 encoding.\r\n   - When retrieving data from the database, make sure the connection is set to use UTF-8 encoding.\r\n\r\n### Sanitize and Encode Properly\r\n1. **Sanitizing Input**:\r\n   - If you are handling user input, ensure that it is sanitized properly to avoid any issues with character encoding. Use libraries or functions that handle HTML entities correctly.\r\n\r\nBy checking and adjusting these aspects, you should be able to resolve the issue of seeing &#96;&amp;#x27;&#96; instead of an apostrophe in your HTML content. If the problem persists, please provide more details about your setup, such as the programming language or platform you are using, so I can offer more specific guidance.',1),(34,'2024-05-20 06:11:35',47,'Weight loss in short time','Weight loss involves a combination of dietary changes, physical activity, and behavioral modifications to reduce body weight. Here are key strategies and tips for effective and healthy weight loss:\r\n\r\n### Dietary Changes\r\n1. **Calorie Deficit**:\r\n   - Consume fewer calories than you burn. This can be achieved by reducing portion sizes, choosing lower-calorie foods, and avoiding high-calorie, low-nutrient foods.\r\n\r\n2. **Balanced Diet**:\r\n   - Focus on a diet rich in fruits, vegetables, whole grains, lean proteins, and healthy fats.\r\n   - Avoid or limit sugary drinks, processed foods, and high-fat foods.\r\n\r\n3. **Mindful Eating**:\r\n   - Pay attention to hunger and fullness cues.\r\n   - Eat slowly and avoid distractions (like watching TV) while eating.\r\n\r\n4. **Hydration**:\r\n   - Drink plenty of water throughout the day. Sometimes thirst is mistaken for hunger.\r\n\r\n',0),(35,'2024-05-21 02:01:52',32,'High street gym is wonderful','Let&#x27;s go to high street gym!\r\nLet&#x27;s go to high street gym!\r\nLet&#x27;s go to high street gym!\r\nLet&#x27;s go to high street gym!\r\nLet&#x27;s go to high street gym!\r\nLet&#x27;s go to high street gym!\r\nLet&#x27;s go to high street gym!\r\n',1),(36,'2024-05-21 02:28:37',32,'Let&#x27;s go to high street gym!!!','Let&#x27;s go to high street gym!!!Let&#x27;s go to high street gym!!!Let&#x27;s go to high street gym!!!Let&#x27;s go to high street gym!!!Let&#x27;s go to high street gym!!!Let&#x27;s go to high street gym!!!',1),(38,'2024-08-20 00:00:00',32,'Hiring Announcement: Eric Dong Joins Our Team as a New Trainer!','We are thrilled to announce that Eric Dong has joined our team as a new trainer! With his extensive background in fitness and passion for helping individuals achieve their health goals, Eric is a fantastic addition to our community.\n\nAbout Eric Dong\n\nEric brings a wealth of experience to our team, having spent over a decade in the fitness industry. His journey began with a degree in Exercise Science and has since evolved into a distinguished career as a personal trainer and fitness coach. Eric’s approach to fitness is holistic, focusing not only on physical training but also on mental wellness and motivation.\n\nWhat Eric Brings to the Team\n\nExpertise in Diverse Training Methods: Eric is proficient in a wide range of training techniques, from strength training and cardiovascular workouts to functional training and yoga. His versatile skill set ensures that he can cater to various fitness levels and goals.\n\nPersonalized Training Programs: Eric believes in creating customized fitness plans that align with each individual&#x27;s unique needs and aspirations. Whether you’re looking to build muscle, lose weight, or improve overall wellness, Eric is here to guide you every step of the way.\n\nInspirational Coaching: Known for his motivational approach, Eric excels in inspiring his clients to push beyond their limits and achieve their personal best. His positive attitude and unwavering support make him a standout coach who genuinely cares about the success of his clients.\n\nJoin Us in Welcoming Eric!\n\nWe are excited for you to meet Eric and experience his exceptional training firsthand. Stay tuned for upcoming group classes and personal training sessions led by Eric. If you’re interested in setting up a session or learning more about Eric’s training philosophy, don’t hesitate to reach out to our team.\n\nEric Dong’s appointment as our new trainer marks an exciting chapter for us, and we look forward to the positive impact he will undoubtedly make on our community.\n\nWelcome aboard, Eric!',1),(39,'2024-08-20 00:00:00',32,'Hiring Announcement: Eric Dong Joins Our Team as a New Trainer!','We are thrilled to announce that Eric Dong has joined our team as a new trainer! With his extensive background in fitness and passion for helping individuals achieve their health goals, Eric is a fantastic addition to our community.\n\nAbout Eric Dong\n\nEric brings a wealth of experience to our team, having spent over a decade in the fitness industry. His journey began with a degree in Exercise Science and has since evolved into a distinguished career as a personal trainer and fitness coach. Eric’s approach to fitness is holistic, focusing not only on physical training but also on mental wellness and motivation.\n\nWhat Eric Brings to the Team\n\nExpertise in Diverse Training Methods: Eric is proficient in a wide range of training techniques, from strength training and cardiovascular workouts to functional training and yoga. His versatile skill set ensures that he can cater to various fitness levels and goals.\n\nPersonalized Training Programs: Eric believes in creating customized fitness plans that align with each individual&#x27;s unique needs and aspirations. Whether you’re looking to build muscle, lose weight, or improve overall wellness, Eric is here to guide you every step of the way.\n\nInspirational Coaching: Known for his motivational approach, Eric excels in inspiring his clients to push beyond their limits and achieve their personal best. His positive attitude and unwavering support make him a standout coach who genuinely cares about the success of his clients.\n\nJoin Us in Welcoming Eric!\n\nWe are excited for you to meet Eric and experience his exceptional training firsthand. Stay tuned for upcoming group classes and personal training sessions led by Eric. If you’re interested in setting up a session or learning more about Eric’s training philosophy, don’t hesitate to reach out to our team.\n\nEric Dong’s appointment as our new trainer marks an exciting chapter for us, and we look forward to the positive impact he will undoubtedly make on our community.\n\nWelcome aboard, Eric!',0),(40,'2024-08-20 00:00:00',32,'Hiring Announcement: Eric Dong Joins Our Team as a New Trainer!','We are thrilled to announce that Eric Dong has joined our team as a new trainer! With his extensive background in fitness and passion for helping individuals achieve their health goals, Eric is a fantastic addition to our community.\n\nAbout Eric Dong\n\nEric brings a wealth of experience to our team, having spent over a decade in the fitness industry. His journey began with a degree in Exercise Science and has since evolved into a distinguished career as a personal trainer and fitness coach. Eric’s approach to fitness is holistic, focusing not only on physical training but also on mental wellness and motivation.\n\nWhat Eric Brings to the Team\n\nExpertise in Diverse Training Methods: Eric is proficient in a wide range of training techniques, from strength training and cardiovascular workouts to functional training and yoga. His versatile skill set ensures that he can cater to various fitness levels and goals.\n\nPersonalized Training Programs: Eric believes in creating customized fitness plans that align with each individual&#x27;s unique needs and aspirations. Whether you’re looking to build muscle, lose weight, or improve overall wellness, Eric is here to guide you every step of the way.\n\nInspirational Coaching: Known for his motivational approach, Eric excels in inspiring his clients to push beyond their limits and achieve their personal best. His positive attitude and unwavering support make him a standout coach who genuinely cares about the success of his clients.\n\nJoin Us in Welcoming Eric!\n\nWe are excited for you to meet Eric and experience his exceptional training firsthand. Stay tuned for upcoming group classes and personal training sessions led by Eric. If you’re interested in setting up a session or learning more about Eric’s training philosophy, don’t hesitate to reach out to our team.\n\nEric Dong’s appointment as our new trainer marks an exciting chapter for us, and we look forward to the positive impact he will undoubtedly make on our community.\n\nWelcome aboard, Eric!',1),(41,'2024-08-20 00:00:00',32,'Hiring Announcement: Eric Dong Joins Our Team as a New Trainer!','We are thrilled to announce that Eric Dong has joined our team as a new trainer! With his extensive background in fitness and passion for helping individuals achieve their health goals, Eric is a fantastic addition to our community.\n\nAbout Eric Dong\n\nEric brings a wealth of experience to our team, having spent over a decade in the fitness industry. His journey began with a degree in Exercise Science and has since evolved into a distinguished career as a personal trainer and fitness coach. Eric’s approach to fitness is holistic, focusing not only on physical training but also on mental wellness and motivation.\n\nWhat Eric Brings to the Team\n\nExpertise in Diverse Training Methods: Eric is proficient in a wide range of training techniques, from strength training and cardiovascular workouts to functional training and yoga. His versatile skill set ensures that he can cater to various fitness levels and goals.\n\nPersonalized Training Programs: Eric believes in creating customized fitness plans that align with each individual&#x27;s unique needs and aspirations. Whether you’re looking to build muscle, lose weight, or improve overall wellness, Eric is here to guide you every step of the way.\n\nInspirational Coaching: Known for his motivational approach, Eric excels in inspiring his clients to push beyond their limits and achieve their personal best. His positive attitude and unwavering support make him a standout coach who genuinely cares about the success of his clients.\n\nJoin Us in Welcoming Eric!\n\nWe are excited for you to meet Eric and experience his exceptional training firsthand. Stay tuned for upcoming group classes and personal training sessions led by Eric. If you’re interested in setting up a session or learning more about Eric’s training philosophy, don’t hesitate to reach out to our team.\n\nEric Dong’s appointment as our new trainer marks an exciting chapter for us, and we look forward to the positive impact he will undoubtedly make on our community.\n\nWelcome aboard, Eric!',1),(42,'2024-08-20 00:00:00',32,'Hiring Announcement: Eric Dong Joins Our Team as a New Trainer!','We are thrilled to announce that Eric Dong has joined our team as a new trainer! With his extensive background in fitness and passion for helping individuals achieve their health goals, Eric is a fantastic addition to our community.\n\nAbout Eric Dong\n\nEric brings a wealth of experience to our team, having spent over a decade in the fitness industry. His journey began with a degree in Exercise Science and has since evolved into a distinguished career as a personal trainer and fitness coach. Eric’s approach to fitness is holistic, focusing not only on physical training but also on mental wellness and motivation.\n\nWhat Eric Brings to the Team\n\nExpertise in Diverse Training Methods: Eric is proficient in a wide range of training techniques, from strength training and cardiovascular workouts to functional training and yoga. His versatile skill set ensures that he can cater to various fitness levels and goals.\n\nPersonalized Training Programs: Eric believes in creating customized fitness plans that align with each individual&#x27;s unique needs and aspirations. Whether you’re looking to build muscle, lose weight, or improve overall wellness, Eric is here to guide you every step of the way.\n\nInspirational Coaching: Known for his motivational approach, Eric excels in inspiring his clients to push beyond their limits and achieve their personal best. His positive attitude and unwavering support make him a standout coach who genuinely cares about the success of his clients.\n\nJoin Us in Welcoming Eric!\n\nWe are excited for you to meet Eric and experience his exceptional training firsthand. Stay tuned for upcoming group classes and personal training sessions led by Eric. If you’re interested in setting up a session or learning more about Eric’s training philosophy, don’t hesitate to reach out to our team.\n\nEric Dong’s appointment as our new trainer marks an exciting chapter for us, and we look forward to the positive impact he will undoubtedly make on our community.\n\nWelcome aboard, Eric!',1),(43,'2024-08-20 00:00:00',32,'Hiring Announcement: Eric Dong Joins Our Team as a New Trainer!','We are thrilled to announce that Eric Dong has joined our team as a new trainer! With his extensive background in fitness and passion for helping individuals achieve their health goals, Eric is a fantastic addition to our community.\n\nAbout Eric Dong\n\nEric brings a wealth of experience to our team, having spent over a decade in the fitness industry. His journey began with a degree in Exercise Science and has since evolved into a distinguished career as a personal trainer and fitness coach. Eric’s approach to fitness is holistic, focusing not only on physical training but also on mental wellness and motivation.\n\nWhat Eric Brings to the Team\n\nExpertise in Diverse Training Methods: Eric is proficient in a wide range of training techniques, from strength training and cardiovascular workouts to functional training and yoga. His versatile skill set ensures that he can cater to various fitness levels and goals.\n\nPersonalized Training Programs: Eric believes in creating customized fitness plans that align with each individual&#x27;s unique needs and aspirations. Whether you’re looking to build muscle, lose weight, or improve overall wellness, Eric is here to guide you every step of the way.\n\nInspirational Coaching: Known for his motivational approach, Eric excels in inspiring his clients to push beyond their limits and achieve their personal best. His positive attitude and unwavering support make him a standout coach who genuinely cares about the success of his clients.\n\nJoin Us in Welcoming Eric!\n\nWe are excited for you to meet Eric and experience his exceptional training firsthand. Stay tuned for upcoming group classes and personal training sessions led by Eric. If you’re interested in setting up a session or learning more about Eric’s training philosophy, don’t hesitate to reach out to our team.\n\nEric Dong’s appointment as our new trainer marks an exciting chapter for us, and we look forward to the positive impact he will undoubtedly make on our community.\n\nWelcome aboard, Eric!',1),(44,'2024-08-20 00:00:00',32,'Hiring Announcement: Eric Dong Joins Our Team as a New Trainer!','We are thrilled to announce that Eric Dong has joined our team as a new trainer! With his extensive background in fitness and passion for helping individuals achieve their health goals, Eric is a fantastic addition to our community.\n\nAbout Eric Dong\n\nEric brings a wealth of experience to our team, having spent over a decade in the fitness industry. His journey began with a degree in Exercise Science and has since evolved into a distinguished career as a personal trainer and fitness coach. Eric’s approach to fitness is holistic, focusing not only on physical training but also on mental wellness and motivation.\n\nWhat Eric Brings to the Team\n\nExpertise in Diverse Training Methods: Eric is proficient in a wide range of training techniques, from strength training and cardiovascular workouts to functional training and yoga. His versatile skill set ensures that he can cater to various fitness levels and goals.\n\nPersonalized Training Programs: Eric believes in creating customized fitness plans that align with each individual&#x27;s unique needs and aspirations. Whether you’re looking to build muscle, lose weight, or improve overall wellness, Eric is here to guide you every step of the way.\n\nInspirational Coaching: Known for his motivational approach, Eric excels in inspiring his clients to push beyond their limits and achieve their personal best. His positive attitude and unwavering support make him a standout coach who genuinely cares about the success of his clients.\n\nJoin Us in Welcoming Eric!\n\nWe are excited for you to meet Eric and experience his exceptional training firsthand. Stay tuned for upcoming group classes and personal training sessions led by Eric. If you’re interested in setting up a session or learning more about Eric’s training philosophy, don’t hesitate to reach out to our team.\n\nEric Dong’s appointment as our new trainer marks an exciting chapter for us, and we look forward to the positive impact he will undoubtedly make on our community.\n\nWelcome aboard, Eric!',1),(45,'2024-08-20 00:00:00',32,'Hiring Announcement: Eric Dong Joins Our Team as a New Trainer!','We are thrilled to announce that Eric Dong has joined our team as a new trainer! With his extensive background in fitness and passion for helping individuals achieve their health goals, Eric is a fantastic addition to our community.\n\nAbout Eric Dong\n\nEric brings a wealth of experience to our team, having spent over a decade in the fitness industry. His journey began with a degree in Exercise Science and has since evolved into a distinguished career as a personal trainer and fitness coach. Eric’s approach to fitness is holistic, focusing not only on physical training but also on mental wellness and motivation.\n\nWhat Eric Brings to the Team\n\nExpertise in Diverse Training Methods: Eric is proficient in a wide range of training techniques, from strength training and cardiovascular workouts to functional training and yoga. His versatile skill set ensures that he can cater to various fitness levels and goals.\n\nPersonalized Training Programs: Eric believes in creating customized fitness plans that align with each individual&#x27;s unique needs and aspirations. Whether you’re looking to build muscle, lose weight, or improve overall wellness, Eric is here to guide you every step of the way.\n\nInspirational Coaching: Known for his motivational approach, Eric excels in inspiring his clients to push beyond their limits and achieve their personal best. His positive attitude and unwavering support make him a standout coach who genuinely cares about the success of his clients.\n\nJoin Us in Welcoming Eric!\n\nWe are excited for you to meet Eric and experience his exceptional training firsthand. Stay tuned for upcoming group classes and personal training sessions led by Eric. If you’re interested in setting up a session or learning more about Eric’s training philosophy, don’t hesitate to reach out to our team.\n\nEric Dong’s appointment as our new trainer marks an exciting chapter for us, and we look forward to the positive impact he will undoubtedly make on our community.\n\nWelcome aboard, Eric!',1),(46,'2024-08-20 00:00:00',32,'Hiring Announcement: Eric Dong Joins Our Team as a New Trainer!','We are thrilled to announce that Eric Dong has joined our team as a new trainer! With his extensive background in fitness and passion for helping individuals achieve their health goals, Eric is a fantastic addition to our community.\n\nAbout Eric Dong\n\nEric brings a wealth of experience to our team, having spent over a decade in the fitness industry. His journey began with a degree in Exercise Science and has since evolved into a distinguished career as a personal trainer and fitness coach. Eric’s approach to fitness is holistic, focusing not only on physical training but also on mental wellness and motivation.\n\nWhat Eric Brings to the Team\n\nExpertise in Diverse Training Methods: Eric is proficient in a wide range of training techniques, from strength training and cardiovascular workouts to functional training and yoga. His versatile skill set ensures that he can cater to various fitness levels and goals.\n\nPersonalized Training Programs: Eric believes in creating customized fitness plans that align with each individual&#x27;s unique needs and aspirations. Whether you’re looking to build muscle, lose weight, or improve overall wellness, Eric is here to guide you every step of the way.\n\nInspirational Coaching: Known for his motivational approach, Eric excels in inspiring his clients to push beyond their limits and achieve their personal best. His positive attitude and unwavering support make him a standout coach who genuinely cares about the success of his clients.\n\nJoin Us in Welcoming Eric!\n\nWe are excited for you to meet Eric and experience his exceptional training firsthand. Stay tuned for upcoming group classes and personal training sessions led by Eric. If you’re interested in setting up a session or learning more about Eric’s training philosophy, don’t hesitate to reach out to our team.\n\nEric Dong’s appointment as our new trainer marks an exciting chapter for us, and we look forward to the positive impact he will undoubtedly make on our community.\n\nWelcome aboard, Eric!',1),(47,'2024-08-20 00:00:00',32,'Hiring Announcement: Eric Dong Joins Our Team as a New Trainer!','We are thrilled to announce that Eric Dong has joined our team as a new trainer! With his extensive background in fitness and passion for helping individuals achieve their health goals, Eric is a fantastic addition to our community.\n\nAbout Eric Dong\n\nEric brings a wealth of experience to our team, having spent over a decade in the fitness industry. His journey began with a degree in Exercise Science and has since evolved into a distinguished career as a personal trainer and fitness coach. Eric’s approach to fitness is holistic, focusing not only on physical training but also on mental wellness and motivation.\n\nWhat Eric Brings to the Team\n\nExpertise in Diverse Training Methods: Eric is proficient in a wide range of training techniques, from strength training and cardiovascular workouts to functional training and yoga. His versatile skill set ensures that he can cater to various fitness levels and goals.\n\nPersonalized Training Programs: Eric believes in creating customized fitness plans that align with each individual&#x27;s unique needs and aspirations. Whether you’re looking to build muscle, lose weight, or improve overall wellness, Eric is here to guide you every step of the way.\n\nInspirational Coaching: Known for his motivational approach, Eric excels in inspiring his clients to push beyond their limits and achieve their personal best. His positive attitude and unwavering support make him a standout coach who genuinely cares about the success of his clients.\n\nJoin Us in Welcoming Eric!\n\nWe are excited for you to meet Eric and experience his exceptional training firsthand. Stay tuned for upcoming group classes and personal training sessions led by Eric. If you’re interested in setting up a session or learning more about Eric’s training philosophy, don’t hesitate to reach out to our team.\n\nEric Dong’s appointment as our new trainer marks an exciting chapter for us, and we look forward to the positive impact he will undoubtedly make on our community.\n\nWelcome aboard, Eric!',1),(48,'2024-08-20 00:00:00',32,'Hiring Announcement: Eric Dong Joins Our Team as a New Trainer!','We are thrilled to announce that Eric Dong has joined our team as a new trainer! With his extensive background in fitness and passion for helping individuals achieve their health goals, Eric is a fantastic addition to our community.\n\nAbout Eric Dong\n\nEric brings a wealth of experience to our team, having spent over a decade in the fitness industry. His journey began with a degree in Exercise Science and has since evolved into a distinguished career as a personal trainer and fitness coach. Eric’s approach to fitness is holistic, focusing not only on physical training but also on mental wellness and motivation.\n\nWhat Eric Brings to the Team\n\nExpertise in Diverse Training Methods: Eric is proficient in a wide range of training techniques, from strength training and cardiovascular workouts to functional training and yoga. His versatile skill set ensures that he can cater to various fitness levels and goals.\n\nPersonalized Training Programs: Eric believes in creating customized fitness plans that align with each individual&#x27;s unique needs and aspirations. Whether you’re looking to build muscle, lose weight, or improve overall wellness, Eric is here to guide you every step of the way.\n\nInspirational Coaching: Known for his motivational approach, Eric excels in inspiring his clients to push beyond their limits and achieve their personal best. His positive attitude and unwavering support make him a standout coach who genuinely cares about the success of his clients.\n\nJoin Us in Welcoming Eric!\n\nWe are excited for you to meet Eric and experience his exceptional training firsthand. Stay tuned for upcoming group classes and personal training sessions led by Eric. If you’re interested in setting up a session or learning more about Eric’s training philosophy, don’t hesitate to reach out to our team.\n\nEric Dong’s appointment as our new trainer marks an exciting chapter for us, and we look forward to the positive impact he will undoubtedly make on our community.\n\nWelcome aboard, Eric!',1),(49,'2024-08-20 00:00:00',32,'Hiring Announcement: Eric Dong Joins Our Team as a New Trainer!','We are thrilled to announce that Eric Dong has joined our team as a new trainer! With his extensive background in fitness and passion for helping individuals achieve their health goals, Eric is a fantastic addition to our community.\n\nAbout Eric Dong\n\nEric brings a wealth of experience to our team, having spent over a decade in the fitness industry. His journey began with a degree in Exercise Science and has since evolved into a distinguished career as a personal trainer and fitness coach. Eric’s approach to fitness is holistic, focusing not only on physical training but also on mental wellness and motivation.\n\nWhat Eric Brings to the Team\n\nExpertise in Diverse Training Methods: Eric is proficient in a wide range of training techniques, from strength training and cardiovascular workouts to functional training and yoga. His versatile skill set ensures that he can cater to various fitness levels and goals.\n\nPersonalized Training Programs: Eric believes in creating customized fitness plans that align with each individual&#x27;s unique needs and aspirations. Whether you’re looking to build muscle, lose weight, or improve overall wellness, Eric is here to guide you every step of the way.\n\nInspirational Coaching: Known for his motivational approach, Eric excels in inspiring his clients to push beyond their limits and achieve their personal best. His positive attitude and unwavering support make him a standout coach who genuinely cares about the success of his clients.\n\nJoin Us in Welcoming Eric!\n\nWe are excited for you to meet Eric and experience his exceptional training firsthand. Stay tuned for upcoming group classes and personal training sessions led by Eric. If you’re interested in setting up a session or learning more about Eric’s training philosophy, don’t hesitate to reach out to our team.\n\nEric Dong’s appointment as our new trainer marks an exciting chapter for us, and we look forward to the positive impact he will undoubtedly make on our community.\n\nWelcome aboard, Eric!',1),(50,'2024-08-20 00:00:00',32,'Hiring Announcement: Eric Dong Joins Our Team as a New Trainer!','We are thrilled to announce that Eric Dong has joined our team as a new trainer! With his extensive background in fitness and passion for helping individuals achieve their health goals, Eric is a fantastic addition to our community.\n\nAbout Eric Dong\n\nEric brings a wealth of experience to our team, having spent over a decade in the fitness industry. His journey began with a degree in Exercise Science and has since evolved into a distinguished career as a personal trainer and fitness coach. Eric’s approach to fitness is holistic, focusing not only on physical training but also on mental wellness and motivation.\n\nWhat Eric Brings to the Team\n\nExpertise in Diverse Training Methods: Eric is proficient in a wide range of training techniques, from strength training and cardiovascular workouts to functional training and yoga. His versatile skill set ensures that he can cater to various fitness levels and goals.\n\nPersonalized Training Programs: Eric believes in creating customized fitness plans that align with each individual&#x27;s unique needs and aspirations. Whether you’re looking to build muscle, lose weight, or improve overall wellness, Eric is here to guide you every step of the way.\n\nInspirational Coaching: Known for his motivational approach, Eric excels in inspiring his clients to push beyond their limits and achieve their personal best. His positive attitude and unwavering support make him a standout coach who genuinely cares about the success of his clients.\n\nJoin Us in Welcoming Eric!\n\nWe are excited for you to meet Eric and experience his exceptional training firsthand. Stay tuned for upcoming group classes and personal training sessions led by Eric. If you’re interested in setting up a session or learning more about Eric’s training philosophy, don’t hesitate to reach out to our team.\n\nEric Dong’s appointment as our new trainer marks an exciting chapter for us, and we look forward to the positive impact he will undoubtedly make on our community.\n\nWelcome aboard, Eric!',1),(51,'2024-08-20 00:00:00',32,'Hiring Announcement: Eric Dong Joins Our Team as a New Trainer!','We are thrilled to announce that Eric Dong has joined our team as a new trainer! With his extensive background in fitness and passion for helping individuals achieve their health goals, Eric is a fantastic addition to our community.\n\nAbout Eric Dong\n\nEric brings a wealth of experience to our team, having spent over a decade in the fitness industry. His journey began with a degree in Exercise Science and has since evolved into a distinguished career as a personal trainer and fitness coach. Eric’s approach to fitness is holistic, focusing not only on physical training but also on mental wellness and motivation.\n\nWhat Eric Brings to the Team\n\nExpertise in Diverse Training Methods: Eric is proficient in a wide range of training techniques, from strength training and cardiovascular workouts to functional training and yoga. His versatile skill set ensures that he can cater to various fitness levels and goals.\n\nPersonalized Training Programs: Eric believes in creating customized fitness plans that align with each individual&#x27;s unique needs and aspirations. Whether you’re looking to build muscle, lose weight, or improve overall wellness, Eric is here to guide you every step of the way.\n\nInspirational Coaching: Known for his motivational approach, Eric excels in inspiring his clients to push beyond their limits and achieve their personal best. His positive attitude and unwavering support make him a standout coach who genuinely cares about the success of his clients.\n\nJoin Us in Welcoming Eric!\n\nWe are excited for you to meet Eric and experience his exceptional training firsthand. Stay tuned for upcoming group classes and personal training sessions led by Eric. If you’re interested in setting up a session or learning more about Eric’s training philosophy, don’t hesitate to reach out to our team.\n\nEric Dong’s appointment as our new trainer marks an exciting chapter for us, and we look forward to the positive impact he will undoubtedly make on our community.\n\nWelcome aboard, Eric!',1),(52,'2024-08-20 00:00:00',32,'Hiring Announcement: Eric Dong Joins Our Team as a New Trainer!','We are thrilled to announce that Eric Dong has joined our team as a new trainer! With his extensive background in fitness and passion for helping individuals achieve their health goals, Eric is a fantastic addition to our community.\n\nAbout Eric Dong\n\nEric brings a wealth of experience to our team, having spent over a decade in the fitness industry. His journey began with a degree in Exercise Science and has since evolved into a distinguished career as a personal trainer and fitness coach. Eric’s approach to fitness is holistic, focusing not only on physical training but also on mental wellness and motivation.\n\nWhat Eric Brings to the Team\n\nExpertise in Diverse Training Methods: Eric is proficient in a wide range of training techniques, from strength training and cardiovascular workouts to functional training and yoga. His versatile skill set ensures that he can cater to various fitness levels and goals.\n\nPersonalized Training Programs: Eric believes in creating customized fitness plans that align with each individual&#x27;s unique needs and aspirations. Whether you’re looking to build muscle, lose weight, or improve overall wellness, Eric is here to guide you every step of the way.\n\nInspirational Coaching: Known for his motivational approach, Eric excels in inspiring his clients to push beyond their limits and achieve their personal best. His positive attitude and unwavering support make him a standout coach who genuinely cares about the success of his clients.\n\nJoin Us in Welcoming Eric!\n\nWe are excited for you to meet Eric and experience his exceptional training firsthand. Stay tuned for upcoming group classes and personal training sessions led by Eric. If you’re interested in setting up a session or learning more about Eric’s training philosophy, don’t hesitate to reach out to our team.\n\nEric Dong’s appointment as our new trainer marks an exciting chapter for us, and we look forward to the positive impact he will undoubtedly make on our community.\n\nWelcome aboard, Eric!',1),(53,'2024-08-20 00:00:00',32,'Hiring Announcement: Eric Dong Joins Our Team as a New Trainer!','We are thrilled to announce that Eric Dong has joined our team as a new trainer! With his extensive background in fitness and passion for helping individuals achieve their health goals, Eric is a fantastic addition to our community.\n\nAbout Eric Dong\n\nEric brings a wealth of experience to our team, having spent over a decade in the fitness industry. His journey began with a degree in Exercise Science and has since evolved into a distinguished career as a personal trainer and fitness coach. Eric’s approach to fitness is holistic, focusing not only on physical training but also on mental wellness and motivation.\n\nWhat Eric Brings to the Team\n\nExpertise in Diverse Training Methods: Eric is proficient in a wide range of training techniques, from strength training and cardiovascular workouts to functional training and yoga. His versatile skill set ensures that he can cater to various fitness levels and goals.\n\nPersonalized Training Programs: Eric believes in creating customized fitness plans that align with each individual&#x27;s unique needs and aspirations. Whether you’re looking to build muscle, lose weight, or improve overall wellness, Eric is here to guide you every step of the way.\n\nInspirational Coaching: Known for his motivational approach, Eric excels in inspiring his clients to push beyond their limits and achieve their personal best. His positive attitude and unwavering support make him a standout coach who genuinely cares about the success of his clients.\n\nJoin Us in Welcoming Eric!\n\nWe are excited for you to meet Eric and experience his exceptional training firsthand. Stay tuned for upcoming group classes and personal training sessions led by Eric. If you’re interested in setting up a session or learning more about Eric’s training philosophy, don’t hesitate to reach out to our team.\n\nEric Dong’s appointment as our new trainer marks an exciting chapter for us, and we look forward to the positive impact he will undoubtedly make on our community.\n\nWelcome aboard, Eric!',1),(54,'2024-08-20 00:00:00',32,'Hiring Announcement: Eric Dong Joins Our Team as a New Trainer!','We are thrilled to announce that Eric Dong has joined our team as a new trainer! With his extensive background in fitness and passion for helping individuals achieve their health goals, Eric is a fantastic addition to our community.\n\nAbout Eric Dong\n\nEric brings a wealth of experience to our team, having spent over a decade in the fitness industry. His journey began with a degree in Exercise Science and has since evolved into a distinguished career as a personal trainer and fitness coach. Eric’s approach to fitness is holistic, focusing not only on physical training but also on mental wellness and motivation.\n\nWhat Eric Brings to the Team\n\nExpertise in Diverse Training Methods: Eric is proficient in a wide range of training techniques, from strength training and cardiovascular workouts to functional training and yoga. His versatile skill set ensures that he can cater to various fitness levels and goals.\n\nPersonalized Training Programs: Eric believes in creating customized fitness plans that align with each individual&#x27;s unique needs and aspirations. Whether you’re looking to build muscle, lose weight, or improve overall wellness, Eric is here to guide you every step of the way.\n\nInspirational Coaching: Known for his motivational approach, Eric excels in inspiring his clients to push beyond their limits and achieve their personal best. His positive attitude and unwavering support make him a standout coach who genuinely cares about the success of his clients.\n\nJoin Us in Welcoming Eric!\n\nWe are excited for you to meet Eric and experience his exceptional training firsthand. Stay tuned for upcoming group classes and personal training sessions led by Eric. If you’re interested in setting up a session or learning more about Eric’s training philosophy, don’t hesitate to reach out to our team.\n\nEric Dong’s appointment as our new trainer marks an exciting chapter for us, and we look forward to the positive impact he will undoubtedly make on our community.\n\nWelcome aboard, Eric!',1),(55,'2024-08-20 00:00:00',32,'Hiring Announcement: Eric Dong Joins Our Team as a New Trainer!','We are thrilled to announce that Eric Dong has joined our team as a new trainer! With his extensive background in fitness and passion for helping individuals achieve their health goals, Eric is a fantastic addition to our community.\n\nAbout Eric Dong\n\nEric brings a wealth of experience to our team, having spent over a decade in the fitness industry. His journey began with a degree in Exercise Science and has since evolved into a distinguished career as a personal trainer and fitness coach. Eric’s approach to fitness is holistic, focusing not only on physical training but also on mental wellness and motivation.\n\nWhat Eric Brings to the Team\n\nExpertise in Diverse Training Methods: Eric is proficient in a wide range of training techniques, from strength training and cardiovascular workouts to functional training and yoga. His versatile skill set ensures that he can cater to various fitness levels and goals.\n\nPersonalized Training Programs: Eric believes in creating customized fitness plans that align with each individual&#x27;s unique needs and aspirations. Whether you’re looking to build muscle, lose weight, or improve overall wellness, Eric is here to guide you every step of the way.\n\nInspirational Coaching: Known for his motivational approach, Eric excels in inspiring his clients to push beyond their limits and achieve their personal best. His positive attitude and unwavering support make him a standout coach who genuinely cares about the success of his clients.\n\nJoin Us in Welcoming Eric!\n\nWe are excited for you to meet Eric and experience his exceptional training firsthand. Stay tuned for upcoming group classes and personal training sessions led by Eric. If you’re interested in setting up a session or learning more about Eric’s training philosophy, don’t hesitate to reach out to our team.\n\nEric Dong’s appointment as our new trainer marks an exciting chapter for us, and we look forward to the positive impact he will undoubtedly make on our community.\n\nWelcome aboard, Eric!',1),(56,'2024-08-20 00:00:00',32,'Hiring Announcement: Eric Dong Joins Our Team as a New Trainer!','We are thrilled to announce that Eric Dong has joined our team as a new trainer! With his extensive background in fitness and passion for helping individuals achieve their health goals, Eric is a fantastic addition to our community.\n\nAbout Eric Dong\n\nEric brings a wealth of experience to our team, having spent over a decade in the fitness industry. His journey began with a degree in Exercise Science and has since evolved into a distinguished career as a personal trainer and fitness coach. Eric’s approach to fitness is holistic, focusing not only on physical training but also on mental wellness and motivation.\n\nWhat Eric Brings to the Team\n\nExpertise in Diverse Training Methods: Eric is proficient in a wide range of training techniques, from strength training and cardiovascular workouts to functional training and yoga. His versatile skill set ensures that he can cater to various fitness levels and goals.\n\nPersonalized Training Programs: Eric believes in creating customized fitness plans that align with each individual&#x27;s unique needs and aspirations. Whether you’re looking to build muscle, lose weight, or improve overall wellness, Eric is here to guide you every step of the way.\n\nInspirational Coaching: Known for his motivational approach, Eric excels in inspiring his clients to push beyond their limits and achieve their personal best. His positive attitude and unwavering support make him a standout coach who genuinely cares about the success of his clients.\n\nJoin Us in Welcoming Eric!\n\nWe are excited for you to meet Eric and experience his exceptional training firsthand. Stay tuned for upcoming group classes and personal training sessions led by Eric. If you’re interested in setting up a session or learning more about Eric’s training philosophy, don’t hesitate to reach out to our team.\n\nEric Dong’s appointment as our new trainer marks an exciting chapter for us, and we look forward to the positive impact he will undoubtedly make on our community.\n\nWelcome aboard, Eric!',1),(57,'2024-08-21 00:00:00',32,'We will have a new trainer!','We are thrilled to announce that Eric Ellian has joined our team as our newest trainer! With a passion for fitness and a dedication to helping others achieve their goals, Eric brings a wealth of experience and enthusiasm to our community.\n\nEric has a strong background in [mention relevant experience or certifications, if known], and is eager to share his knowledge with all of you. Whether you’re looking to improve your strength, boost your endurance, or simply maintain a healthy lifestyle, Eric is here to guide and motivate you every step of the way.\n\nPlease join us in giving Eric a warm welcome! We’re confident that his expertise and positive energy will be a great addition to our training team.\n\nStay tuned for more updates on Eric’s classes and training sessions. We look forward to seeing you in the gym!\n\nWelcome aboard, Eric!',1),(58,'2024-08-21 00:00:00',32,'High Street Gym is going to have a weight lifting tournament!','Get Ready to Lift: High Street Gym’s Weight Lifting Tournament\n\nAttention all fitness enthusiasts and weight lifting aficionados! High Street Gym is excited to announce its upcoming Weight Lifting Tournament, a showdown where strength, skill, and dedication take center stage. Whether you&#x27;re a seasoned lifter or a newcomer looking to test your mettle, this event is the perfect opportunity to showcase your hard work and compete in a supportive, energetic environment.\n\nEvent Details:\n\nDate: [Insert Date]\nTime: [Insert Time]\nLocation: High Street Gym, [Insert Address]\nWhat to Expect:\n\nCompetition Categories: We’ve got a range of categories to suit all levels of experience and age groups. From novice lifters to advanced competitors, everyone will have their moment to shine. Be sure to check the registration details for the specific categories and weight classes.\n\nSpectacular Displays of Strength: Watch as competitors lift, press, and pull their way to victory. Each lift will be judged by a panel of experienced referees, ensuring fair play and high standards.\n\nExciting Prizes and Trophies: Celebrate your achievements with medals, trophies, and prizes for the top performers in each category. Whether you’re aiming for first place or just hoping to set a personal best, there’s a prize for everyone who gives their all.\n\nCommunity and Camaraderie: Beyond the competition, this tournament is a fantastic opportunity to connect with fellow weight lifting enthusiasts. Share tips, cheer each other on, and be part of a vibrant fitness community.\n\nRegistration Information: To participate, simply register at the High Street Gym front desk or through our website [Insert Website Link]. Early registration is recommended to secure your spot and receive a participant’s guide with all the essential details.\n\nEvent Day Schedule: The tournament will feature a lineup of lifting sessions, warm-up times, and breaks, so you can stay energized and prepared. Refreshments and snacks will be available to keep everyone fueled throughout the day.\n\nWhether you&#x27;re aiming to break records or just have a great time lifting, the High Street Gym Weight Lifting Tournament promises to be an event to remember. Start preparing now, and get ready to demonstrate your strength, skill, and spirit!\n\nFor more information and updates, follow us on social media [Insert Social Media Links] or visit our website. We can&#x27;t wait to see you there and witness the incredible feats of strength that make this tournament a highlight of the year!\n\nLet’s lift, compete, and celebrate together!',0),(59,'2024-08-21 00:00:00',32,'We will have a new trainer!','We are thrilled to announce that Eric Ellian has joined our team as our newest trainer! With a passion for fitness and a dedication to helping others achieve their goals, Eric brings a wealth of experience and enthusiasm to our community.\n\nEric has a strong background in [mention relevant experience or certifications, if known], and is eager to share his knowledge with all of you. Whether you’re looking to improve your strength, boost your endurance, or simply maintain a healthy lifestyle, Eric is here to guide and motivate you every step of the way.\n\nPlease join us in giving Eric a warm welcome! We’re confident that his expertise and positive energy will be a great addition to our training team.\n\nStay tuned for more updates on Eric’s classes and training sessions. We look forward to seeing you in the gym!\n\nWelcome aboard, Eric!',1),(60,'2024-08-21 00:00:00',32,'Having fun weight training.','That’s awesome! Weight training is a great way to build strength, improve fitness, and boost overall health. It can also be a lot of fun, especially when you see progress and start hitting your goals. Here are a few tips to help you make the most of your weight training:\n\n1. Set Clear Goals\nWhether you want to build muscle, increase strength, or improve endurance, having clear goals helps tailor your workouts and keeps you motivated.\n2. Create a Balanced Routine\nInclude a mix of exercises that target different muscle groups. This might involve compound movements (like squats and bench presses) and isolation exercises (like bicep curls and tricep extensions).\n3. Focus on Form\nProper form is crucial to prevent injuries and ensure you’re working the right muscles. If you’re unsure, consider working with a trainer or using resources to check your form.\n4. Progress Gradually\nGradually increase the weights or resistance to keep challenging your muscles. Small, incremental changes can lead to significant progress over time.\n5. Stay Consistent\nRegular workouts are key to seeing results. Try to stick to a schedule that works for you and be consistent with your training.\n6. Rest and Recover\nGive your muscles time to recover by incorporating rest days into your routine. Recovery is essential for muscle growth and preventing overtraining.\n7. Mix Up Your Workouts\nTo keep things interesting and avoid plateaus, vary your exercises, change up your routine, or try new workout styles.\n8. Track Your Progress\nKeep a workout journal or use an app to track your weights, reps, and progress. Seeing your improvements over time can be very motivating.\n9. Stay Hydrated and Eat Well\nProper nutrition and hydration support your training and recovery. Make sure you’re eating enough protein, healthy fats, and carbohydrates to fuel your workouts.\n10. Have Fun\nEnjoy the process! Listen to music, workout with friends, or try new exercises to keep your training enjoyable.\nIf you have any specific questions about weight training or need advice on exercises, routines, or anything else, feel free to ask!',1),(61,'2024-08-21 00:00:00',32,'Having fun weight training.','That’s awesome! Weight training is a great way to build strength, improve fitness, and boost overall health. It can also be a lot of fun, especially when you see progress and start hitting your goals. Here are a few tips to help you make the most of your weight training:\n\n1. Set Clear Goals\nWhether you want to build muscle, increase strength, or improve endurance, having clear goals helps tailor your workouts and keeps you motivated.\n2. Create a Balanced Routine\nInclude a mix of exercises that target different muscle groups. This might involve compound movements (like squats and bench presses) and isolation exercises (like bicep curls and tricep extensions).\n3. Focus on Form\nProper form is crucial to prevent injuries and ensure you’re working the right muscles. If you’re unsure, consider working with a trainer or using resources to check your form.\n4. Progress Gradually\nGradually increase the weights or resistance to keep challenging your muscles. Small, incremental changes can lead to significant progress over time.\n5. Stay Consistent\nRegular workouts are key to seeing results. Try to stick to a schedule that works for you and be consistent with your training.\n6. Rest and Recover\nGive your muscles time to recover by incorporating rest days into your routine. Recovery is essential for muscle growth and preventing overtraining.\n7. Mix Up Your Workouts\nTo keep things interesting and avoid plateaus, vary your exercises, change up your routine, or try new workout styles.\n8. Track Your Progress\nKeep a workout journal or use an app to track your weights, reps, and progress. Seeing your improvements over time can be very motivating.\n9. Stay Hydrated and Eat Well\nProper nutrition and hydration support your training and recovery. Make sure you’re eating enough protein, healthy fats, and carbohydrates to fuel your workouts.\n10. Have Fun\nEnjoy the process! Listen to music, workout with friends, or try new exercises to keep your training enjoyable.\nIf you have any specific questions about weight training or need advice on exercises, routines, or anything else, feel free to ask!',1),(62,'2024-08-21 00:00:00',32,'Having fun weight training.','That’s awesome! Weight training is a great way to build strength, improve fitness, and boost overall health. It can also be a lot of fun, especially when you see progress and start hitting your goals. Here are a few tips to help you make the most of your weight training:\n\n1. Set Clear Goals\nWhether you want to build muscle, increase strength, or improve endurance, having clear goals helps tailor your workouts and keeps you motivated.\n2. Create a Balanced Routine\nInclude a mix of exercises that target different muscle groups. This might involve compound movements (like squats and bench presses) and isolation exercises (like bicep curls and tricep extensions).\n3. Focus on Form\nProper form is crucial to prevent injuries and ensure you’re working the right muscles. If you’re unsure, consider working with a trainer or using resources to check your form.\n4. Progress Gradually\nGradually increase the weights or resistance to keep challenging your muscles. Small, incremental changes can lead to significant progress over time.\n5. Stay Consistent\nRegular workouts are key to seeing results. Try to stick to a schedule that works for you and be consistent with your training.\n6. Rest and Recover\nGive your muscles time to recover by incorporating rest days into your routine. Recovery is essential for muscle growth and preventing overtraining.\n7. Mix Up Your Workouts\nTo keep things interesting and avoid plateaus, vary your exercises, change up your routine, or try new workout styles.\n8. Track Your Progress\nKeep a workout journal or use an app to track your weights, reps, and progress. Seeing your improvements over time can be very motivating.\n9. Stay Hydrated and Eat Well\nProper nutrition and hydration support your training and recovery. Make sure you’re eating enough protein, healthy fats, and carbohydrates to fuel your workouts.\n10. Have Fun\nEnjoy the process! Listen to music, workout with friends, or try new exercises to keep your training enjoyable.\nIf you have any specific questions about weight training or need advice on exercises, routines, or anything else, feel free to ask!',1),(63,'2024-08-21 00:00:00',32,'Having fun weight training.','That’s awesome! Weight training is a great way to build strength, improve fitness, and boost overall health. It can also be a lot of fun, especially when you see progress and start hitting your goals. Here are a few tips to help you make the most of your weight training:\n\n1. Set Clear Goals\nWhether you want to build muscle, increase strength, or improve endurance, having clear goals helps tailor your workouts and keeps you motivated.\n2. Create a Balanced Routine\nInclude a mix of exercises that target different muscle groups. This might involve compound movements (like squats and bench presses) and isolation exercises (like bicep curls and tricep extensions).\n3. Focus on Form\nProper form is crucial to prevent injuries and ensure you’re working the right muscles. If you’re unsure, consider working with a trainer or using resources to check your form.\n4. Progress Gradually\nGradually increase the weights or resistance to keep challenging your muscles. Small, incremental changes can lead to significant progress over time.\n5. Stay Consistent\nRegular workouts are key to seeing results. Try to stick to a schedule that works for you and be consistent with your training.\n6. Rest and Recover\nGive your muscles time to recover by incorporating rest days into your routine. Recovery is essential for muscle growth and preventing overtraining.\n7. Mix Up Your Workouts\nTo keep things interesting and avoid plateaus, vary your exercises, change up your routine, or try new workout styles.\n8. Track Your Progress\nKeep a workout journal or use an app to track your weights, reps, and progress. Seeing your improvements over time can be very motivating.\n9. Stay Hydrated and Eat Well\nProper nutrition and hydration support your training and recovery. Make sure you’re eating enough protein, healthy fats, and carbohydrates to fuel your workouts.\n10. Have Fun\nEnjoy the process! Listen to music, workout with friends, or try new exercises to keep your training enjoyable.\nIf you have any specific questions about weight training or need advice on exercises, routines, or anything else, feel free to ask!',1),(64,'2024-08-21 00:00:00',32,'!!!!!!!!!!!!!!!!!!!!!','!!!!!!!!!!!!!!!!!!!!!!!!!!!!!!!!!!!!!!!!!!!!!!!!!!!!!!!!!!!!!!!!!!!!!!!!!!!!!!!!!!!!!!!!!!!!!!!!!!!!!!!!!!!!!!!!!!!!!!!!!!!!!!!!!!!!!!!!!!!!!!!!!!!!!!!!!!!!!!!!!!!!!!!!!!!!!!!!!!!!!!!!!!!!!!!!!!!!!!!!!!!!!!!!!!!!!!!!!!!!!!!!!!!!!!!!!!!!!!!!!!!!!!!!!!!!!!!!!!!!!!!!!!!!!!!!!!!!!!!!!!!!!!!!!!!!!!!!!!!!!!!!!!!!!!!!!!!',1),(65,'2024-08-21 00:00:00',32,'!!!!!!!!????????','!!!!!!!!????????!!!!!!!!????????!!!!!!!!????????!!!!!!!!????????!!!!!!!!????????!!!!!!!!????????!!!!!!!!????????!!!!!!!!????????!!!!!!!!????????!!!!!!!!????????!!!!!!!!????????!!!!!!!!????????!!!!!!!!????????!!!!!!!!????????!!!!!!!!????????',1),(66,'2024-08-21 00:00:00',32,'2345256436t2345','2345256436t23452345256436t23452345256436t23452345256436t2345v2345256436t23452345256436t23452345256436t23452345256436t23452345256436t23452345256436t2345',1),(67,'2024-08-21 00:00:00',32,'!!!&quot;#$%&amp;&#x27;()0=dsfwertwret24t45rt','!!!&quot;#$%&amp;&#x27;()0=dsfwertwret24t45rt!!!&quot;#$%&amp;&#x27;()0=dsfwertwret24t45rt!!!&quot;#$%&amp;&#x27;()0=dsfwertwret24t45rt!!!&quot;#$%&amp;&#x27;()0=dsfwertwret24t45rt!!!&quot;#$%&amp;&#x27;()0=dsfwertwret24t45rt!!!&quot;#$%&amp;&#x27;()0=dsfwertwret24t45rt!!!&quot;#$%&amp;&#x27;()0=dsfwertwret24t45rt',1),(68,'2024-08-21 00:00:00',32,'0987654321','09876543210987654321098765432109876543210987654321098765432109876543210987654321098765432109876543210987654321098765432109876543210987654321098765432109876543210987654321',1),(69,'2024-08-21 00:00:00',32,'111111111111111111','111111111111111111111111111111111111111111111111111111111111111111111111111111111111111111111111111111111111111111111111111111111111111111111111111111111111111111111111111111111111111111111111111111111111111111111111v111111111111111111111111111111111111111111111111111111',1),(70,'2024-08-21 00:00:00',32,'12345678976543245678908765432','1234567897654324567890876543212345678976543245678908765432123456789765432456789087654321234567897654324567890876543212345678976543245678908765432123456789765432456789087654321234567897654324567890876543212345678976543245678908765432',1),(71,'2024-08-21 00:00:00',32,'hahahahahahahahahahahahahahahahahahah11111','hahahahahahahahahahahahhahahahahahahahahahahahhahahahahahahahahahahahhahahahahahahahahahahahhahahahahahahahahahahahhahahahahahahahahahahahvhahahahahahahahahahahahhahahahahahahahahahahahhahahahahahahahahahahahv',1),(72,'2024-08-21 00:00:00',32,'hahahahahahahahahahahah','hahahahahahahahahahahahhahahahahahahahahahahahhahahahahahahahahahahahhahahahahahahahahahahahhahahahahahahahahahahahhahahahahahahahahahahahvhahahahahahahahahahahahhahahahahahahahahahahahhahahahahahahahahahahahv',1),(73,'2024-08-21 00:00:00',32,'hahahahahahahahahahahah','hahahahahahahahahahahahhahahahahahahahahahahahhahahahahahahahahahahahhahahahahahahahahahahahhahahahahahahahahahahahhahahahahahahahahahahahvhahahahahahahahahahahahhahahahahahahahahahahahhahahahahahahahahahahahv',1),(74,'2024-08-21 00:00:00',32,'hahahahahahahahahahahah','hahahahahahahahahahahahhahahahahahahahahahahahhahahahahahahahahahahahhahahahahahahahahahahahhahahahahahahahahahahahhahahahahahahahahahahahvhahahahahahahahahahahahhahahahahahahahahahahahhahahahahahahahahahahahv',1),(75,'2024-08-21 00:00:00',32,'hahahahahahahahahahahah','hahahahahahahahahahahahhahahahahahahahahahahahhahahahahahahahahahahahhahahahahahahahahahahahhahahahahahahahahahahahhahahahahahahahahahahahvhahahahahahahahahahahahhahahahahahahahahahahahhahahahahahahahahahahahv',1),(76,'2024-08-21 00:00:00',32,'hahahahahahahahahahahah','hahahahahahahahahahahahhahahahahahahahahahahahhahahahahahahahahahahahhahahahahahahahahahahahhahahahahahahahahahahahhahahahahahahahahahahahvhahahahahahahahahahahahhahahahahahahahahahahahhahahahahahahahahahahahv',1),(77,'2024-08-21 00:00:00',32,'1234567890','123456789012345678901234567890123456789012345678901234567890123456789012345678901234567890123456789012345678901234567890123456789012345678901234567890123456789012345678901234567890123456789012345678901234567890123456789012345678901234567890',1),(78,'2024-08-21 00:00:00',32,'1234567890','123456789012345678901234567890123456789012345678901234567890123456789012345678901234567890123456789012345678901234567890123456789012345678901234567890123456789012345678901234567890123456789012345678901234567890123456789012345678901234567890',1),(79,'2024-08-21 00:00:00',32,'00000000000','123456789012345678901234567890123456789012345678901234567890123456789012345678901234567890123456789012345678901234567890123456789012345678901234567890123456789012345678901234567890123456789012345678901234567890123456789012345678901234567890',1),(80,'2024-08-21 00:00:00',32,'Today is a good day!','We had a great day today!!! Please have fun in high street. High Street gym is the best gym ever. \n\nI have been working in this gym for more than 6 months. And you would never find a better place than High Street. The staff are friendly, and helpful. They are open for change and they treat each individual a better way that you could ever image!',0),(81,'2024-09-04 00:00:00',38,'!&quot;#!&quot;#$%#&amp;&#x27;()O)','!&quot;#!&quot;#$%#&amp;&#x27;()O)!&quot;#!&quot;#$%#&amp;&#x27;()O)!&quot;#!&quot;#$%#&amp;&#x27;()O)!&quot;#!&quot;#$%#&amp;&#x27;()O)!&quot;#!&quot;#$%#&amp;&#x27;()O)!&quot;#!&quot;#$%#&amp;&#x27;()O)!&quot;#!&quot;#$%#&amp;&#x27;()O)!&quot;#!&quot;#$%#&amp;&#x27;()O)!&quot;#!&quot;#$%#&amp;&#x27;()O)!&quot;#!&quot;#$%#&amp;&#x27;()O)!&quot;#!&quot;#$%#&amp;&#x27;()O)!&quot;#!&quot;#$%#&amp;&#x27;()O)!&quot;#!&quot;#$%#&amp;&#x27;()O)!&quot;#!&quot;#$%#&amp;&#x27;()O)',1),(82,'2024-09-04 00:00:00',38,'safsgdfeqrftewrtfeqr','safsgdfeqrftewrtfeqrsafsgdfeqrftewrtfeqrsafsgdfeqrftewrtfeqrsafsgdfeqrftewrtfeqrsafsgdfeqrftewrtfeqrsafsgdfeqrftewrtfeqrsafsgdfeqrftewrtfeqrsafsgdfeqrftewrtfeqrsafsgdfeqrftewrtfeqrsafsgdfeqrftewrtfeqrsafsgdfeqrftewrtfeqrsafsgdfeqrftewrtfeqrsafsgdfeqrftewrtfeqrsafsgdfeqrftewrtfeqrsafsgdfeqrftewrtfeqrsafsgdfeqrftewrtfeqr',1),(83,'2024-09-04 00:00:00',38,'safsgdfeqrftewrtfeqr','safsgdfeqrftewrtfeqrsafsgdfeqrftewrtfeqrsafsgdfeqrftewrtfeqrsafsgdfeqrftewrtfeqrsafsgdfeqrftewrtfeqrsafsgdfeqrftewrtfeqrsafsgdfeqrftewrtfeqrsafsgdfeqrftewrtfeqrsafsgdfeqrftewrtfeqrsafsgdfeqrftewrtfeqrsafsgdfeqrftewrtfeqrsafsgdfeqrftewrtfeqrsafsgdfeqrftewrtfeqrsafsgdfeqrftewrtfeqrsafsgdfeqrftewrtfeqrsafsgdfeqrftewrtfeqr',1),(84,'2024-09-04 00:00:00',38,'Today is a sunny!','We are having class in tafe!\nWe are having class in tafe!\nWe are having class in tafe!\nWe are having class in tafe!\nWe are having class in tafe!\nWe are having class in tafe!\nWe are having class in tafe!\nWe are having class in tafe!\nWe are having class in tafe!\nWe are having class in tafe!\nWe are having class in tafe!\nWe are having class in tafe!\nWe are having class in tafe!',0),(85,'2024-09-04 00:00:00',38,'1111111111111','111111111111111111111111111111111111111111111111111111111111111111111111111111111111111111111111111111111111111111111111111111111111111111111111111111111111111111111111111111111111111111111111111111111111111111111111111111111111111111111111111111111111111111111111111111111111111111111111111111111111111111111111111111111111111111111111111111111111111111111111111111111111111111111111111111111111111111111111111111111111111111111111111111111111111111111111111111111111111111111111111111111111111111111111111111111111111111111111111111111111111111111111111111111111111111111111111111111111111111111111111111111111111111111111',0),(86,'2024-09-04 00:00:00',38,'1231321232141','111111111111111111111111111111111111111111111111111111111111111111111111111111111111111111111111111111111111111111111111111111111111111111111111111111111111111111111111111111111111111111111111111111111111111111111111111111111111111111111111111111111111111111111111111111111111111111111111111111111111111111111111111111111111111111111111111111111111111111111111111111111111111111111111111111111111111111111111111111111111111111111111111111111111111111111111111111111111111111111111111111111111111111111111111111111111111111111111111111111111111111111111111111111111111111111111111111111111111111111111111111111111111111111111',0),(87,'2024-09-04 00:00:00',44,'The Benefits of Going to the Gym and How to Get Started','Going to the gym is more than just a workout routine; it’s a lifestyle choice that offers countless benefits to both your physical and mental health. Whether you&#x27;re aiming to build muscle, lose weight, or simply maintain a healthy lifestyle, the gym provides a dedicated space to achieve your fitness goals. But for many, starting can be intimidating. Here’s why you should consider hitting the gym and how to get started.\n1. Physical Health Benefits\n\nRegular gym visits have a significant impact on your overall physical health. From cardiovascular exercises like running and cycling to strength training with weights and resistance machines, the gym offers a wide variety of options to improve your heart health, boost your metabolism, and build muscle mass. Strength training is particularly effective in increasing muscle tone, improving posture, and enhancing bone density, which is crucial for long-term health. Meanwhile, cardio workouts can help burn calories, improve endurance, and reduce the risk of heart disease.\n2. Mental Health Benefits\n\nThe benefits of going to the gym extend beyond physical health. Exercise has been proven to release endorphins, the body&#x27;s natural mood elevators, which can help reduce stress, anxiety, and depression. A good workout can provide a mental boost, increase self-esteem, and improve sleep quality. Over time, regular gym-goers often report feeling more energized, confident, and focused.\n3. A Community Atmosphere\n\nOne of the often-overlooked benefits of going to the gym is the sense of community it can provide. Gyms are social environments where you can meet like-minded individuals who share your interest in fitness. Whether through group classes, workout partners, or simply friendly interactions, the gym offers a supportive environment to help you stay motivated and committed to your goals.\n4. Getting Started: Tips for Beginners\n\nIf you&#x27;re new to the gym, it&#x27;s normal to feel overwhelmed. Start by setting clear and realistic goals. Whether you want to lose 10 pounds, run a 5K, or build muscle, having a specific goal can guide your workouts and keep you motivated. Begin with a mix of cardio and strength training to build a balanced fitness routine. Most gyms offer free orientations or personal training sessions for beginners. These sessions can help you learn proper form, avoid injury, and make the most of your workouts.\n\nDon’t be afraid to ask questions or seek guidance from gym staff. They are there to help you succeed. Remember, everyone at the gym was a beginner at some point, so focus on your own progress, and don’t compare yourself to others.\n5. Stay Consistent and Enjoy the Journey\n\nConsistency is key when it comes to achieving fitness goals. Start with manageable workouts and gradually increase intensity and duration as you build strength and confidence. Celebrate small victories and understand that progress takes time. The gym is not just about reaching a destination; it&#x27;s about enjoying the journey and embracing a healthier, more active lifestyle.\nConclusion\n\nGoing to the gym can be a transformative experience, offering numerous benefits to both body and mind. By starting with clear goals, seeking support, and maintaining consistency, anyone can make the most of their gym experience. So, lace up those sneakers, grab a water bottle, and start your fitness journey today!',0),(88,'2024-09-04 19:11:32',44,'This is a test blog.','This is a test blog. This is a test blog. This is a test blog. This is a test blog. This is a test blog. This is a test blog. This is a test blog. This is a test blog. This is a test blog. This is a test blog. This is a test blog. This is a test blog. This is a test blog. This is a test blog.',1),(89,'2024-09-04 19:34:40',39,'This is the very blog a@gmail.com','This is the very blog a@gmail.com created!This is the very blog a@gmail.com created!This is the very blog a@gmail.com created!This is the very blog a@gmail.com created!This is the very blog a@gmail.com created!This is the very blog a@gmail.com created!This is the very blog a@gmail.com created!This is the very blog a@gmail.com created!This is the very blog a@gmail.com created!',0),(90,'2024-09-04 06:40:35',44,'We will have a new trainer!','At High Street Gym, we’re proud to introduce one of our most dedicated members, Jayde, who has been with us for an impressive three years. Jayde isn’t just a familiar face at our gym; he’s also a dedicated trainer who has truly embraced the spirit of fitness and community.\n\nA Journey of Dedication\n\nJayde’s journey with us began three years ago when he first walked through our doors with a passion for fitness and a commitment to personal growth. Over the years, Jayde has transformed his dedication into a remarkable journey of strength, discipline, and achievement. His commitment to his own fitness goals has been nothing short of inspiring.\n\nA Trainer with a Passion\n\nAs a trainer, Jayde brings a wealth of knowledge and enthusiasm to every session. His approach is not just about helping members achieve their fitness goals but also about creating an environment where everyone feels motivated and supported. Jayde’s training sessions are known for their energy, creativity, and effectiveness, making him a favorite among our gym members.\n\nCommunity Involvement\n\nJayde’s impact extends beyond the gym floor. He is actively involved in various community initiatives, organizing fitness challenges, and leading group classes that foster a sense of camaraderie and teamwork. His ability to connect with members on a personal level has helped create a welcoming and encouraging atmosphere at High Street Gym.\n\nLooking Forward\n\nAs Jayde continues his journey with us, we are excited to see him grow and inspire even more members. His dedication to fitness and his commitment to our gym community are truly commendable. We look forward to many more years of working with Jayde and celebrating his achievements along the way.',0),(91,'2024-09-04 09:02:12',44,'aateatestqwt test!','aateatestqwt test!aateatestqwt test!aateatestqwt test!aateatestqwt test!aateatestqwt test!aateatestqwt test!aateatestqwt test!aateatestqwt test!aateatestqwt test!vaateatestqwt test!vvaateatestqwt test!aateatestqwt test!aateatestqwt test!aateatestqwt test!',1),(92,'2024-09-04 09:03:39',44,'sedrrtetewrtewrtwertwertf','sedrrtetewrtewrtwertwertfsedrrtetewrtewrtwertwertfvsedrrtetewrtewrtwertwertfsedrrtetewrtewrtwertwertfvvvsedrrtetewrtewrtwertwertfsedrrtetewrtewrtwertwertfsedrrtetewrtewrtwertwertfsedrrtetewrtewrtwertwertfsedrrtetewrtewrtwertwertfsedrrtetewrtewrtwertwertfsedrrtetewrtewrtwertwertf',1),(93,'2024-09-04 09:05:54',44,'!!!!!The Top 5 Benefits of Strength Training','Strength training is more than just lifting weights; it’s a powerful way to transform your body and mind. Whether you’re new to the gym or a seasoned athlete, incorporating strength training into your routine can offer numerous benefits. In this blog, we’ll explore the top five advantages of strength training and why you should consider making it a staple in your fitness regimen.\n\n1. Boosts Metabolism\n\nOne of the most significant benefits of strength training is its ability to boost your metabolism. As you build muscle, your body requires more energy to maintain it, which increases your resting metabolic rate. This means you’ll burn more calories even when you’re not working out. Incorporating strength training into your routine can help you manage your weight more effectively and achieve your fitness goals faster.\n\n2. Enhances Muscle Strength and Tone\n\nStrength training is designed to build muscle strength and endurance. By regularly lifting weights or using resistance bands, you can enhance your muscle tone and overall strength. This not only improves your physical appearance but also increases your functional strength, making everyday activities easier and more manageable.\n\n3. Improves Bone Health\n\nAnother key benefit of strength training is its positive impact on bone health. As you perform weight-bearing exercises, your bones adapt to the stress by becoming stronger and denser. This can help prevent osteoporosis and reduce the risk of fractures, particularly as you age. Strength training is a crucial component of a well-rounded fitness routine for maintaining strong and healthy bones.\n\n4. Boosts Mental Health\n\nStrength training isn’t just beneficial for your body; it also has a positive effect on your mental health. Engaging in regular strength training can help reduce symptoms of anxiety and depression, improve mood, and increase overall well-being. The release of endorphins during exercise contributes to a sense of accomplishment and boosts your mental resilience.\n\n5. Enhances Functional Fitness\n\nFunctional fitness refers to exercises that mimic everyday movements, helping you perform daily tasks more efficiently. Strength training enhances your functional fitness by improving your balance, coordination, and stability. This translates to better performance in activities such as lifting groceries, climbing stairs, or playing sports, ultimately leading to a more active and independent lifestyle.\n\nConclusion\n\nIncorporating strength training into your fitness routine can provide a wide range of benefits, from boosting your metabolism and improving muscle strength to enhancing bone health and mental well-being. Whether you’re aiming to lose weight, gain muscle, or simply improve your overall health, strength training is a valuable tool to help you achieve your goals.\n\nReady to start your strength training journey? Join us at [Your Gym’s Name] and let our expert trainers guide you through a personalized strength training program tailored to your needs.\n\nCall-to-Action\n\nVisit our website or stop by the front desk to schedule a complimentary strength training consultation today. Let’s unlock your potential together!',0),(94,'2024-09-08 16:08:42',61,'I am a member of High street gym!!!!!!','I am so excited to become a member of high street gym. \nHey everyone!\n\nI can hardly contain my excitement as I share some fantastic news—I&amp;#x27;ve just signed up to become a member of High Street Gym! ? As someone who’s always been passionate about fitness and wellness, this feels like the perfect next step in my journey. I wanted to take a moment to share why I’m so thrilled about this new chapter and what I’m looking forward to at High Street Gym.\nA Fresh Start\n\nLet’s be honest: starting a new fitness routine can sometimes feel daunting. But joining High Street Gym feels like a fresh start, a chance to reignite my passion for exercise in an environment designed to inspire and motivate. The clean, modern facilities and the vibrant energy of the space have already made a lasting impression on me.\nState-of-the-Art Equipment\n\nOne of the first things that caught my eye was the impressive array of state-of-the-art equipment. Whether you’re into lifting heavy or prefer a good cardio session, High Street Gym has something for everyone. I’m particularly excited to try out their new range of machines and classes, which I’ve heard are top-notch. It’s amazing to think about the endless workout possibilities that await!\nExpert Trainers\n\nI’ve always believed that having knowledgeable guidance is key to achieving fitness goals, and High Street Gym boasts a team of expert trainers. From personalized training sessions to group classes, I’m looking forward to benefiting from their expertise. Their enthusiasm and dedication to helping members reach their potential are genuinely inspiring.\nCommunity Vibes\n\nAnother reason I’m so excited about joining High Street Gym is the sense of community it fosters. Fitness isn’t just about working out; it’s also about connecting with others who share similar goals. I can’t wait to meet new friends, participate in group classes, and be part of a supportive and encouraging environment. The gym’s social events and challenges are a great way to stay motivated and engaged.\nHolistic Wellness\n\nHigh Street Gym isn’t just about physical fitness—it’s also about overall wellness. I’m excited to explore their wellness programs, which include nutrition counseling and mindfulness workshops. These additional resources are a fantastic way to enhance my fitness journey and ensure a balanced approach to health.\nConvenience and Accessibility\n\nLocation and convenience are crucial when it comes to maintaining a regular workout routine, and High Street Gym scores high on both fronts. Its central location means I can easily fit in a workout before or after work, and the extended hours make it easier to stick to my fitness schedule.\nPersonal Goals\n\nFinally, I’m excited about the opportunity to set and achieve new personal fitness goals. Whether it’s building strength, improving endurance, or just feeling more energized, High Street Gym provides the perfect setting to challenge myself and track my progress. I’m eager to see how far I can go with the right support and resources at my fingertips.\nIn Conclusion\n\nJoining High Street Gym is more than just signing up for a membership; it’s about embarking on a new journey toward better health and fitness. I’m thrilled about the opportunities that lie ahead and can’t wait to dive into everything the gym has to offer. Stay tuned for updates on my fitness adventures and progress—I’ll be sharing my experiences and tips along the way!\n\nHere’s to new beginnings and reaching new heights with High Street Gym. Let’s get moving!',0),(95,'2024-09-08 19:50:54',57,'Meet Eddie: The New Admin at High Street Gym!','We are thrilled to announce a new addition to the High Street Gym team! Please join us in welcoming Eddie, our new Admin, who is here to enhance your gym experience with his dedication and enthusiasm.\nWho is Eddie?\n\nEddie joins us with a wealth of experience in administrative roles and a passion for fitness and wellness. With a background in managing diverse teams and streamlining operations, Eddie is the perfect fit to oversee the day-to-day activities at High Street Gym. His extensive experience in the fitness industry allows him to understand our members&#x27; needs deeply and ensure everything runs smoothly.\nWhat Can You Expect from Eddie?\n\nEddie’s arrival brings a fresh perspective and a commitment to improving our gym operations. Here’s what you can expect:\n\n    Enhanced Member Experience: Eddie is dedicated to making your gym experience as enjoyable as possible. He’s here to listen to your feedback, resolve any issues, and ensure that all your needs are met promptly.\n\n    Streamlined Operations: With Eddie at the helm of our administrative team, you can expect more efficient operations and better communication. Whether it’s managing class schedules, processing memberships, or handling inquiries, Eddie’s got it covered.\n\n    Community Engagement: Eddie is a firm believer in the power of community. He looks forward to engaging with our members, organizing events, and fostering a supportive and motivating environment within the gym.\n\n    Innovative Improvements: Always looking for ways to enhance our services, Eddie will be exploring new technologies and methods to make your experience at High Street Gym even better.\n\nEddie’s Vision for High Street Gym\n\nEddie is excited about the opportunity to contribute to High Street Gym’s success and is driven by a vision of creating a welcoming, efficient, and member-focused environment. He aims to ensure that every member feels valued and supported in their fitness journey.\nSay Hello to Eddie!\n\nFeel free to introduce yourself to Eddie when you’re next at the gym. He’s eager to meet you, learn about your fitness goals, and hear any suggestions you might have. Eddie’s door is always open for a chat, whether it’s about gym operations or your fitness journey.\nWelcome Aboard, Eddie!\n\nWe are confident that Eddie’s expertise and passion will bring great value to High Street Gym. Join us in giving him a warm welcome and looking forward to the exciting times ahead. Stay tuned for more updates and improvements as Eddie takes on this new role!\n\nThank you for being a valued member of High Street Gym. We can’t wait for you to experience the positive changes Eddie will bring!',0),(96,'2024-09-08 20:45:48',67,'This is my first blog in high street gym!','I am so excited to attend high street gym! I will be pushing hard to achieve my personal training goals.  Hopefully, I can lose 15 kg in a healthy way in high street gym!  I am looking forward to seeing all you guys. This is my first blog post.\n\nI really hope I can make my losing weight dream come true.\n\nDO you think it will come true???',0),(97,'2024-09-08 21:35:57',65,'!!!!!!!!!!!!!!!!!!!!!!','!!!!!!!!!!!!!!!!!!!!!!!!!!!!!!!!!!!!!!!!!!!!!!!!!!!!!!!!!!!!!!!!!!!!!!!!!!!!!!!!!!!!!!!!!!!!!!!!!!!!!!!!!!!!!!!!!!!!!!!!!!!!!!!!!!!!!!!!!!!!!!!!!!!!!!!!!!!!!!!!!!!!!!!!!!!!!!!!!!!!!!!!!!!!!!!!!!!!!!!!!!!!!!!!!!!!!!!!!!!!!!!!!!!!!!!!!!!!!!!!!!!!!!!!!!!!!!!!!!!!!!!!!!!!!!!!!!!!!!!!!!!!!!!!!!!!!!!!!!!!!!!!!!!!',1),(98,'2024-09-08 21:43:57',65,'hahahahahahahahaah!!!1234','adfasdfqwseradfasdfqwseradfasdfqwseradfasdfqwseradfasdfqwseradfasdfqwseradfasdfqwseradfasdfqwseradfasdfqwseradfasdfqwseradfasdfqwseradfasdfqwseradfasdfqwseradfasdfqwseradfasdfqwseradfasdfqwseradfasdfqwseradfasdfqwseradfasdfqwseradfasdfqwseradfasdfqwseradfasdfqwseradfasdfqwseradfasdfqwseradfasdfqwseradfasdfqwseradfasdfqwseradfasdfqwseradfasdfqwseradfasdfqwseradfasdfqwseradfasdfqwseradfasdfqwseradfasdfqwseradfasdfqwseradfasdfqwseradfasdfqwseradfasdfqwseradfasdfqwseradfasdfqwseradfasdfqwseradfasdfqwseradfasdfqwseradfasdfqwseradfasdfqwseradfasdfqwseradfasdfqwseradfasdfqwser',1),(99,'2024-09-08 21:48:10',65,'245234523453245r234','245234523453245r234245234523453245r234245234523453245r234245234523453245r234245234523453245r234245234523453245r234245234523453245r234245234523453245r234v',0),(100,'2024-09-08 22:20:04',65,'q243r5234523452345r3245r3245r324r','q243r5234523452345r3245r3245r324rq243r5234523452345r3245r3245r324rq243r5234523452345r3245r3245r324rq243r5234523452345r3245r3245r324rq243r5234523452345r3245r3245r324rq243r5234523452345r3245r3245r324rq243r5234523452345r3245r3245r324r',1),(101,'2024-09-21 19:52:11',68,'A Good Day: Embracing Positivity and Gratitude!!!!','Introduction\n\nWe all have days that stand out—a day when everything seems to fall into place, and the world feels just a little brighter. Today is one of those days. In this blog, we’ll explore the essence of a “good day,” the power of positivity, and how embracing gratitude can transform our everyday experiences.\n\nThe Magic of a Good Day\n\nWhat exactly makes a day “good”? For some, it might be the weather—sunshine illuminating the landscape, a gentle breeze, or the perfect temperature. For others, it could be personal achievements, quality time with loved ones, or simply a moment of peace and reflection. A good day is often defined by small, joyful moments: savoring a delicious breakfast, receiving a compliment, or completing a project you’ve been working on.\n\nFinding Positivity in the Everyday\n\nOne of the most powerful aspects of a good day is the mindset that accompanies it. Positivity can turn ordinary experiences into extraordinary ones. Here are some tips for cultivating a positive mindset:\n\n    Start with Intention: Begin your day with a positive affirmation or a moment of meditation. Set your intention to seek out joy and appreciate the little things.\n\n    Practice Mindfulness: Engage fully with your surroundings. Whether it’s noticing the vibrant colors of nature or savoring the flavors of your food, mindfulness enhances our experiences.\n\n    Connect with Others: Share smiles and laughter with friends, family, or even strangers. Positive interactions can elevate your mood and create a ripple effect of happiness.\n\n    Limit Negativity: Identify and distance yourself from sources of negativity, whether it&amp;#x27;s social media, certain people, or news. Focus on uplifting content that inspires you.\n\nThe Power of Gratitude\n\nGratitude is a cornerstone of a good day. When we consciously express gratitude, we shift our focus from what’s lacking to what we have. Here are some ways to cultivate gratitude:\n\n    Gratitude Journal: Take a few minutes each day to jot down three things you’re grateful for. This simple practice can shift your perspective and enhance your overall happiness.\n\n    Express Appreciation: Don’t hesitate to tell people you appreciate them. A simple “thank you” can strengthen relationships and spread positivity.\n\n    Reflect on Challenges: Even on tough days, there’s often something to be grateful for. Reflecting on challenges can reveal growth and resilience.\n\nConclusion\n\nA good day is more than just a series of fortunate events; it’s a mindset cultivated through positivity and gratitude. By embracing these principles, we can transform our everyday experiences into opportunities for joy and connection. So, as you navigate through today, take a moment to appreciate the little things, spread positivity, and acknowledge the blessings that surround you. Here’s to many more good days ahead!',0),(102,'2024-09-25 11:02:25',48,'I am Figo, I am going to High Street Gym~~~','I Am Figo, I Am Going to High Street Gym\n\nHi there, my name is Figo, and today I want to share an exciting part of my journey—going to High Street Gym! If you’re someone who has struggled with sticking to a fitness routine, or if you’ve ever felt a little intimidated by the idea of walking into a gym, then you’ll definitely relate to my story.\nWhy High Street Gym?\n\nFor a while, I’ve been searching for a place that wasn’t just another gym full of machines and weights. I needed somewhere that could motivate me, push me to be my best, and also feel like a community. After hearing great things from friends and seeing their own progress, I decided to give High Street Gym a shot.\n\nBut it’s more than just a gym—it’s an environment where people of all fitness levels come together with the common goal of improving themselves. The energy here is infectious, and the variety of classes and expert trainers made it feel like the perfect place to kickstart my fitness journey.\nFirst Impressions: Breaking Through the Intimidation\n\nWalking into High Street Gym for the first time, I’ll admit I was nervous. We’ve all had that feeling, right? The weight of those preconceived ideas about not being fit enough, strong enough, or experienced enough weighed heavily on me. But something was different this time.\n\nFrom the moment I stepped inside, I was greeted with warmth. The staff were not just friendly, but genuinely interested in helping me find the right classes and equipment for my goals. They didn’t rush me through the process, which immediately put me at ease.\n\nAnd then there was the space. High Street Gym is modern, spacious, and equipped with state-of-the-art gear, but what stood out most were the people. Everyone—from the trainers to the other members—seemed to be on their own personal fitness journey, and I could see that this was a place where progress and self-improvement were celebrated.\nSetting Goals: It’s Personal\n\nI’m not aiming to become a bodybuilder or a marathon runner—my goals are simple: I want to feel healthier, stronger, and more confident. One of the first things I did was sit down with a personal trainer who helped me outline a realistic plan. No crash diets, no extreme workouts—just a steady, consistent plan that I could stick to.\n\nFor the first time in my life, I felt like this was something I could manage. The combination of weight training, cardio, and group classes was tailored to my fitness level and personal goals.\nThe Classes: A Game-Changer\n\nNow, I have to talk about the classes at High Street Gym because they are an absolute game-changer. I’ve tried a few already, and I’m hooked. From high-energy spin classes to calming yoga sessions, there’s something for everyone.\n\nI especially love the community feel during these classes. It’s amazing how being around others who are pushing themselves can make you want to do better. Plus, the instructors are incredible—they not only guide you through every step of the workout but also motivate you to keep going when you feel like giving up.\nA New Routine, A New Mindset\n\nIt’s been a few weeks now, and I’m starting to notice changes, not just in my body, but in my mindset. The biggest shift has been in how I view fitness. It’s not about punishing myself for eating something &amp;quot;unhealthy&amp;quot; or pushing my body to the brink of exhaustion—it&amp;#x27;s about finding joy in movement and feeling good about taking care of myself.\n\nHigh Street Gym has helped me see fitness as part of a lifestyle, not just something to “get through.” And that’s what makes me excited to go back every day.\nLooking Ahead\n\nI know my fitness journey is just beginning, and there’s a lot more I want to achieve. Whether it’s lifting heavier weights, increasing my stamina, or improving my flexibility, I feel confident that I’m on the right path with the support of High Street Gym.\n\nIf you’ve been thinking about joining a gym or reigniting your fitness journey, I encourage you to find a place that feels right for you—a place where you’re not just a member, but part of a community. For me, that place is High Street Gym, and I can’t wait to see where this journey takes me.\n\nThanks for reading! If you’re on your own fitness journey, I’d love to hear about it. Let’s inspire each other to keep going and reach our goals!',0),(103,'2024-09-25 16:21:10',59,'Welcome to High Street Gym!!!!','At High Street Gym, we believe that fitness is for everyone, and we’re excited to have you join our community! Whether you&amp;amp;amp;#x27;re a seasoned athlete, a weekend warrior, or just beginning your fitness journey, High Street Gym is designed to offer something for everyone.\nWhat Makes Us Different?\n\nOur gym is more than just a place to work out; it’s a community. From friendly trainers to supportive members, we foster an environment where you can feel motivated, challenged, and comfortable. Our state-of-the-art equipment and a wide range of classes ensure that you have everything you need to reach your fitness goals.\nA Class for Every Fitness Level\n\nNo matter your fitness level or schedule, we have a class that fits. From high-intensity interval training (HIIT) and strength conditioning to yoga and Pilates, our certified instructors are here to guide you every step of the way. Members can book classes directly through our dynamic website, making it easy to stay on top of your fitness routine.\nPersonalized Training\n\nIf you’re looking for more personalized attention, our team of expert trainers is here to provide one-on-one coaching. We can help develop a plan tailored to your unique fitness goals, whether you&amp;amp;amp;#x27;re training for an event or simply aiming for a healthier lifestyle.\nCommunity and Support\n\nWe understand that fitness is as much about mental strength as it is about physical. Our community blog allows members to share their stories, challenges, and victories. You can also connect with others, get workout tips, and find motivation from our members’ posts.\nState-of-the-Art Facilities\n\nOur gym is equipped with the latest in fitness technology, ensuring you have access to high-quality machines, free weights, and functional training areas. We keep our equipment clean, well-maintained, and ready for you to use whenever you walk through our doors.\nJoin Us Today!\n\nWe’re not just a gym – we’re a place to transform, grow, and achieve your fitness goals. Whether you&amp;amp;amp;#x27;re here to improve your endurance, strength, or overall wellness, High Street Gym is the perfect partner on your journey.\n\nReady to make a change? Come visit us, take a tour, or sign up for a class today. We can’t wait to see what you’ll accomplish!',0),(104,'2024-10-09 10:51:22',68,'Test!!!!!!!!!!!!!!!!!!0000','Test!!!!!!!!!!!!!!!!!!Test!!!!!!!!!!!!!!!!!!Test!!!!!!!!!!!!!!!!!!Test!!!!!!!!!!!!!!!!!!Test!!!!!!!!!!!!!!!!!!Test!!!!!!!!!!!!!!!!!!Test!!!!!!!!!!!!!!!!!!Test!!!!!!!!!!!!!!!!!!',0);
/*!40000 ALTER TABLE `blog_posts` ENABLE KEYS */;
UNLOCK TABLES;

--
-- Table structure for table `bookings`
--

DROP TABLE IF EXISTS `bookings`;
/*!40101 SET @saved_cs_client     = @@character_set_client */;
/*!50503 SET character_set_client = utf8mb4 */;
CREATE TABLE `bookings` (
  `booking_id` int NOT NULL AUTO_INCREMENT,
  `booking_user_id` int NOT NULL,
  `booking_class_id` int NOT NULL,
  `booking_created_datetime` datetime NOT NULL,
  `booking_removed` int DEFAULT '0',
  PRIMARY KEY (`booking_id`),
  KEY `booking_user_id` (`booking_user_id`),
  KEY `booking_class_id` (`booking_class_id`),
  CONSTRAINT `bookings_ibfk_1` FOREIGN KEY (`booking_user_id`) REFERENCES `users` (`user_id`),
  CONSTRAINT `bookings_ibfk_2` FOREIGN KEY (`booking_class_id`) REFERENCES `classes` (`class_id`)
) ENGINE=InnoDB AUTO_INCREMENT=161 DEFAULT CHARSET=utf8mb4 COLLATE=utf8mb4_0900_ai_ci;
/*!40101 SET character_set_client = @saved_cs_client */;

--
-- Dumping data for table `bookings`
--

LOCK TABLES `bookings` WRITE;
/*!40000 ALTER TABLE `bookings` DISABLE KEYS */;
INSERT INTO `bookings` VALUES (66,40,29,'2024-05-08 12:23:11',1),(67,40,29,'2024-05-08 12:23:34',1),(68,40,8,'2024-05-08 12:26:52',1),(74,40,29,'2024-05-08 13:14:35',0),(75,40,30,'2024-05-08 13:14:45',1),(76,40,37,'2024-05-08 13:14:53',1),(77,40,29,'2024-05-08 13:15:02',0),(78,40,30,'2024-05-08 13:15:10',0),(79,40,37,'2024-05-08 13:15:16',1),(80,40,29,'2024-05-08 13:15:29',0),(81,40,30,'2024-05-08 13:50:41',0),(83,42,38,'2024-05-10 03:11:36',0),(85,45,29,'2024-05-10 11:27:06',1),(86,45,51,'2024-05-10 11:31:40',1),(87,45,51,'2024-05-10 11:39:46',1),(88,45,39,'2024-05-10 11:40:01',1),(89,46,53,'2024-05-14 01:57:09',0),(90,46,31,'2024-05-14 01:57:15',0),(92,42,33,'2024-05-14 02:16:33',1),(93,48,19,'2024-05-30 04:22:59',0),(94,48,20,'2024-05-30 04:23:07',0),(98,45,42,'2024-08-15 01:50:08',1),(99,45,48,'2024-08-15 01:52:44',1),(100,32,42,'2024-08-15 03:18:46',0),(101,32,54,'2024-08-15 03:20:55',0),(102,45,49,'2024-08-15 05:47:49',1),(103,32,53,'2024-08-15 06:05:53',0),(104,32,48,'2024-08-15 08:18:30',0),(105,32,49,'2024-08-15 08:18:34',0),(106,32,56,'2024-08-15 08:18:46',0),(107,32,31,'2024-08-15 08:20:40',0),(108,32,32,'2024-08-15 08:20:41',0),(109,32,33,'2024-08-15 08:20:43',0),(110,32,17,'2024-08-15 08:20:44',0),(111,32,23,'2024-08-15 08:20:45',0),(112,32,52,'2024-08-15 08:20:47',0),(113,32,55,'2024-08-15 08:20:47',0),(114,45,53,'2024-08-15 08:21:11',1),(115,45,17,'2024-08-15 09:03:21',1),(116,45,54,'2024-08-15 11:35:16',1),(117,45,56,'2024-08-15 11:35:18',1),(118,45,31,'2024-08-15 11:35:21',1),(119,45,32,'2024-08-15 11:35:21',1),(120,45,33,'2024-08-15 11:35:22',1),(121,45,23,'2024-08-15 11:36:00',1),(122,45,52,'2024-08-15 11:36:01',1),(123,45,55,'2024-08-15 11:36:01',1),(124,45,42,'2024-08-15 12:09:34',1),(125,45,48,'2024-08-15 12:09:37',1),(126,45,49,'2024-08-15 12:09:40',1),(127,45,53,'2024-08-15 12:09:41',1),(128,45,54,'2024-08-15 12:09:43',1),(129,45,56,'2024-08-15 12:09:44',1),(130,45,23,'2024-08-15 12:10:08',1),(131,45,52,'2024-08-15 12:10:09',1),(132,45,55,'2024-08-15 12:10:10',1),(133,45,17,'2024-08-15 12:10:12',1),(134,45,31,'2024-08-15 12:10:14',1),(135,45,32,'2024-08-15 12:10:15',1),(136,45,33,'2024-08-15 12:10:15',1),(137,45,56,'2024-08-15 12:10:19',1),(138,45,56,'2024-08-15 12:30:25',1),(139,45,42,'2024-08-15 12:32:48',0),(140,45,18,'2024-08-20 07:59:39',0),(141,45,41,'2024-08-20 07:59:41',0),(142,45,24,'2024-08-20 07:59:43',0),(143,32,66,'2024-08-29 02:43:41',0),(144,61,78,'2024-09-08 06:05:00',0),(145,61,81,'2024-09-08 06:05:03',1),(146,61,81,'2024-09-08 06:06:08',1),(147,67,77,'2024-09-08 10:42:46',1),(148,67,78,'2024-09-08 10:43:07',0),(149,67,81,'2024-09-08 10:43:11',0),(150,67,77,'2024-09-08 10:43:19',0),(151,67,79,'2024-09-08 10:43:23',0),(152,62,78,'2024-09-08 11:31:25',0),(153,68,78,'2024-09-10 00:58:51',0),(154,68,81,'2024-09-10 00:58:52',1),(155,68,77,'2024-09-10 00:59:02',1),(156,68,83,'2024-09-10 00:59:27',1),(157,68,82,'2024-09-10 00:59:28',0),(158,68,72,'2024-09-10 01:01:38',1),(159,68,91,'2024-09-21 09:52:37',1),(160,68,102,'2024-10-09 00:51:35',1);
/*!40000 ALTER TABLE `bookings` ENABLE KEYS */;
UNLOCK TABLES;

--
-- Table structure for table `classes`
--

DROP TABLE IF EXISTS `classes`;
/*!40101 SET @saved_cs_client     = @@character_set_client */;
/*!50503 SET character_set_client = utf8mb4 */;
CREATE TABLE `classes` (
  `class_id` int NOT NULL AUTO_INCREMENT,
  `class_datetime` datetime NOT NULL,
  `class_location_id` int NOT NULL,
  `class_activity_id` int NOT NULL,
  `class_trainer_user_id` int NOT NULL,
  `class_removed` int DEFAULT '0',
  PRIMARY KEY (`class_id`),
  KEY `class_location_id` (`class_location_id`),
  KEY `class_activity_id` (`class_activity_id`),
  KEY `class_trainer_user_id` (`class_trainer_user_id`),
  CONSTRAINT `classes_ibfk_1` FOREIGN KEY (`class_location_id`) REFERENCES `locations` (`location_id`),
  CONSTRAINT `classes_ibfk_2` FOREIGN KEY (`class_activity_id`) REFERENCES `activities` (`activity_id`),
  CONSTRAINT `classes_ibfk_3` FOREIGN KEY (`class_trainer_user_id`) REFERENCES `users` (`user_id`)
) ENGINE=InnoDB AUTO_INCREMENT=112 DEFAULT CHARSET=utf8mb4 COLLATE=utf8mb4_0900_ai_ci;
/*!40101 SET character_set_client = @saved_cs_client */;

--
-- Dumping data for table `classes`
--

LOCK TABLES `classes` WRITE;
/*!40000 ALTER TABLE `classes` DISABLE KEYS */;
INSERT INTO `classes` VALUES (1,'2024-07-30 09:00:00',1,2,3,1),(2,'2024-07-29 10:00:00',2,3,3,1),(3,'2024-07-27 10:00:00',2,3,3,1),(4,'2024-07-30 12:00:00',1,2,3,1),(5,'2024-07-25 10:00:00',2,3,3,1),(6,'2024-07-24 10:00:00',2,3,3,1),(7,'2025-03-31 12:00:00',4,2,3,1),(8,'2024-08-02 16:00:00',3,3,4,1),(9,'2024-08-03 10:00:00',5,2,4,0),(10,'2024-09-07 09:00:00',5,1,3,0),(11,'2024-08-31 18:00:00',1,5,4,0),(12,'2024-08-29 08:00:00',3,3,5,0),(13,'2024-08-14 08:00:00',1,1,3,1),(14,'2024-08-29 10:00:00',1,1,3,0),(15,'2024-09-08 08:00:00',1,3,5,0),(16,'2024-09-22 18:00:00',1,1,3,0),(17,'2024-08-16 08:00:00',1,1,3,0),(18,'2024-08-22 13:00:00',1,1,3,0),(19,'2024-08-28 08:00:00',1,1,3,0),(20,'2024-08-29 22:00:00',1,1,3,0),(21,'2024-08-30 22:00:00',5,1,3,0),(22,'2024-09-07 08:00:00',5,1,4,0),(23,'2024-08-17 10:00:00',4,2,4,0),(24,'2024-08-23 08:00:00',4,5,5,0),(25,'2024-08-21 12:00:00',1,1,4,0),(26,'2024-08-23 08:00:00',1,1,4,0),(27,'2024-11-30 08:00:00',1,1,3,0),(28,'2025-02-14 12:00:00',3,1,3,0),(29,'2024-08-07 08:00:00',1,1,3,0),(30,'2024-08-08 08:00:00',1,4,3,0),(31,'2024-08-15 10:00:00',1,1,3,0),(32,'2024-08-15 17:00:00',2,3,35,0),(33,'2024-08-15 11:00:00',1,2,35,0),(34,'2024-09-07 13:00:00',3,1,35,0),(35,'2024-10-19 00:00:00',4,1,35,0),(36,'2024-09-08 12:00:00',5,2,35,0),(37,'2024-08-09 11:00:00',1,2,35,0),(38,'2024-08-06 10:00:00',2,1,33,0),(39,'2024-08-10 10:00:00',4,2,34,0),(40,'2024-08-31 17:00:00',2,2,3,0),(41,'2024-08-22 16:00:00',3,5,33,0),(42,'2024-08-12 10:00:00',3,4,34,0),(43,'2024-08-10 13:00:00',4,6,35,0),(44,'2024-09-05 09:00:00',2,2,3,0),(45,'2024-08-24 15:00:00',2,2,5,0),(46,'2024-08-24 15:00:00',3,2,34,0),(47,'2024-08-11 18:00:00',4,2,5,0),(48,'2024-08-12 13:00:00',5,7,35,0),(49,'2024-08-12 17:00:00',5,1,41,0),(50,'2024-08-06 09:00:00',1,2,35,0),(51,'2024-08-07 08:00:00',3,1,4,0),(52,'2024-08-17 11:00:00',2,2,41,0),(53,'2024-08-13 17:00:00',3,3,4,0),(54,'2024-08-14 16:00:00',1,5,41,0),(55,'2024-08-17 13:00:00',3,2,41,0),(56,'2024-08-14 16:00:00',2,1,4,0),(57,'2024-08-30 10:00:00',1,6,4,0),(58,'2024-09-01 08:00:00',3,1,4,0),(59,'2024-09-01 11:00:00',1,5,4,0),(60,'2024-09-01 18:00:00',1,1,4,0),(61,'2024-08-31 12:00:00',3,6,3,0),(62,'2024-08-31 19:00:00',2,5,7,0),(63,'2024-08-31 12:00:00',4,4,3,0),(64,'2024-09-01 18:00:00',2,3,5,0),(65,'2024-09-02 13:00:00',3,2,7,0),(66,'2024-09-01 17:00:00',4,3,41,0),(67,'2024-08-30 11:00:00',3,5,33,0),(68,'2024-09-02 14:00:00',3,5,33,0),(69,'2024-09-03 11:00:00',3,1,44,0),(70,'2024-09-01 11:00:00',4,3,44,0),(71,'2024-09-07 08:00:00',3,1,3,0),(72,'2024-09-14 09:00:00',5,2,3,0),(73,'2024-09-14 11:00:00',3,3,4,0),(74,'2024-09-15 11:00:00',3,4,33,0),(75,'2024-09-15 13:00:00',2,1,33,0),(76,'2024-09-20 14:00:00',2,7,5,0),(77,'2024-09-10 13:00:00',2,3,5,0),(78,'2024-09-09 08:00:00',2,1,41,0),(79,'2024-09-10 08:00:00',3,4,41,0),(80,'2024-09-11 08:00:00',3,6,41,0),(81,'2024-09-09 09:00:00',5,1,41,0),(82,'2024-09-13 08:00:00',4,1,41,0),(83,'2024-09-13 08:00:00',3,6,35,0),(84,'2024-09-15 09:00:00',2,7,65,1),(85,'2024-09-14 12:00:00',2,3,65,1),(86,'2024-08-17 12:00:00',2,3,65,1),(87,'2024-09-13 12:00:00',4,3,65,1),(88,'2024-09-12 11:00:00',3,4,65,1),(89,'2024-09-14 11:00:00',3,4,65,1),(90,'2024-09-19 11:00:00',3,4,65,1),(91,'2024-09-18 14:00:00',4,7,65,0),(92,'2024-09-13 15:00:00',3,3,65,1),(93,'2024-09-28 17:00:00',2,2,33,0),(94,'2024-09-06 10:00:00',1,6,35,0),(95,'2024-09-29 10:00:00',1,3,4,0),(96,'2024-09-26 10:00:00',3,2,4,0),(97,'2024-09-28 13:00:00',4,5,5,0),(98,'2024-09-27 12:00:00',5,4,4,0),(99,'2024-09-27 16:00:00',3,5,5,0),(100,'2024-09-26 10:00:00',2,9,41,0),(101,'2024-09-26 09:00:00',3,4,34,0),(102,'2024-10-08 09:00:00',2,2,3,0),(103,'2024-10-10 09:00:00',1,3,4,0),(104,'2024-10-11 14:00:00',4,9,34,0),(105,'2024-10-13 08:00:00',1,2,33,0),(106,'2024-10-09 09:00:00',2,7,4,0),(107,'2024-10-10 15:00:00',3,2,41,0),(108,'2024-10-12 09:00:00',5,9,35,0),(109,'2024-10-13 09:00:00',3,10,41,0),(110,'2024-10-12 09:00:00',2,4,44,0),(111,'2024-10-09 09:00:00',3,3,33,0);
/*!40000 ALTER TABLE `classes` ENABLE KEYS */;
UNLOCK TABLES;

--
-- Table structure for table `locations`
--

DROP TABLE IF EXISTS `locations`;
/*!40101 SET @saved_cs_client     = @@character_set_client */;
/*!50503 SET character_set_client = utf8mb4 */;
CREATE TABLE `locations` (
  `location_id` int NOT NULL AUTO_INCREMENT,
  `location_name` varchar(255) NOT NULL,
  `location_removed` int DEFAULT '0',
  `location_address` varchar(255) DEFAULT NULL,
  `location_phone` varchar(20) DEFAULT NULL,
  PRIMARY KEY (`location_id`)
) ENGINE=InnoDB AUTO_INCREMENT=19 DEFAULT CHARSET=utf8mb4 COLLATE=utf8mb4_0900_ai_ci;
/*!40101 SET character_set_client = @saved_cs_client */;

--
-- Dumping data for table `locations`
--

LOCK TABLES `locations` WRITE;
/*!40000 ALTER TABLE `locations` DISABLE KEYS */;
INSERT INTO `locations` VALUES (1,'Ashgrove',0,'25 Ashgrove Ave, Ashgrove QLD 4060','07 1234 5678'),(2,'Brisbane City',0,'100 Queen St, Brisbane City QLD 4000','07 2345 6789'),(3,'Chermside',0,'12 Gympie Rd, Chermside QLD 4032','07 3456 7890'),(4,'Graceville',0,'9 Graceville Ave, Graceville QLD 4075','07 4567 8901'),(5,'Westlake',0,'15 Westlake Dr, Westlake QLD 4074','07 5678 9012');
/*!40000 ALTER TABLE `locations` ENABLE KEYS */;
UNLOCK TABLES;

--
-- Table structure for table `trainer_profiles`
--

DROP TABLE IF EXISTS `trainer_profiles`;
/*!40101 SET @saved_cs_client     = @@character_set_client */;
/*!50503 SET character_set_client = utf8mb4 */;
CREATE TABLE `trainer_profiles` (
  `profile_id` int NOT NULL AUTO_INCREMENT,
  `user_id` int DEFAULT NULL,
  `description` text,
  `photo_url` varchar(255) DEFAULT NULL,
  PRIMARY KEY (`profile_id`),
  UNIQUE KEY `user_id` (`user_id`),
  CONSTRAINT `trainer_profiles_ibfk_1` FOREIGN KEY (`user_id`) REFERENCES `users` (`user_id`) ON DELETE CASCADE
) ENGINE=InnoDB AUTO_INCREMENT=25 DEFAULT CHARSET=utf8mb4 COLLATE=utf8mb4_0900_ai_ci;
/*!40101 SET character_set_client = @saved_cs_client */;

--
-- Dumping data for table `trainer_profiles`
--

LOCK TABLES `trainer_profiles` WRITE;
/*!40000 ALTER TABLE `trainer_profiles` DISABLE KEYS */;
INSERT INTO `trainer_profiles` VALUES (1,3,'Jack is an experienced fitness trainer specializing in strength training and conditioning. He has a passion for helping clients achieve their fitness goals.','Jack.jpg'),(2,4,'Jasmine is a versatile trainer with expertise in cardio and weight training. Her energetic approach ensures engaging and effective workouts.','Jasmine.jpg'),(3,5,'Jay focuses on holistic fitness, combining strength training with flexibility exercises. His approach helps clients improve overall well-being.','Jay.jpg'),(4,33,'Jack Bauer brings a unique blend of endurance training and motivational coaching. He excels in pushing clients to reach their peak performance.','JackBauer.jpg'),(5,34,'Sandy Lynn is a fitness enthusiast with a background in yoga and pilates. She emphasizes balance and flexibility in her training sessions.','Sandy.jpg'),(6,35,'Emma Great specializes in high-intensity interval training (HIIT). Her sessions are designed to maximize calorie burn and improve cardiovascular health.','Emma.jpg'),(7,41,'Godilocks Bear is known for his personalized training programs tailored to individual needs. He focuses on achieving long-term fitness results.','Godilocks.jpg'),(8,44,'Ruby Lee offers a comprehensive approach to fitness, including strength training, cardio, and nutrition advice. She aims to help clients lead a healthy lifestyle.','Ruby.jpg');
/*!40000 ALTER TABLE `trainer_profiles` ENABLE KEYS */;
UNLOCK TABLES;

--
-- Table structure for table `users`
--

DROP TABLE IF EXISTS `users`;
/*!40101 SET @saved_cs_client     = @@character_set_client */;
/*!50503 SET character_set_client = utf8mb4 */;
CREATE TABLE `users` (
  `user_id` int NOT NULL AUTO_INCREMENT,
  `user_email` varchar(255) NOT NULL,
  `user_password` varchar(255) NOT NULL,
  `user_role` enum('admin','member','trainer') NOT NULL,
  `user_phone` varchar(100) NOT NULL,
  `user_firstname` varchar(100) NOT NULL,
  `user_lastname` varchar(100) NOT NULL,
  `user_address` varchar(255) NOT NULL,
  `user_removed` tinyint(1) DEFAULT '0',
  PRIMARY KEY (`user_id`),
  UNIQUE KEY `user_email` (`user_email`),
  UNIQUE KEY `user_phone` (`user_phone`)
) ENGINE=InnoDB AUTO_INCREMENT=71 DEFAULT CHARSET=utf8mb4 COLLATE=utf8mb4_0900_ai_ci;
/*!40101 SET character_set_client = @saved_cs_client */;

--
-- Dumping data for table `users`
--

LOCK TABLES `users` WRITE;
/*!40000 ALTER TABLE `users` DISABLE KEYS */;
INSERT INTO `users` VALUES (1,'jasper.green@gmail.com','abc123','admin','0423232229','Jasper','Red','123 Great Street, Yeerongpilly, 4055',1),(2,'jane.red@gmail.com','$2a$10$AdBsGEObTYWszYDQmIzYNOoYpAMRjzdcSRVcZ3kUoq6cIi4qYqypy','member','0423232322','Jane','Red','345 King Street, Kenmore, 4023',0),(3,'jack.wall@gmail.com','$2a$10$3msLRK2nTbA1oQFm2OyMheBIVCTUZL5NptaN10kSMXrKPR/mr4eg6','trainer','0423222222','Jack','Wall','56 Tree Street, Paddington, 4345',0),(4,'jasmine.cool@gmail.com','abc123','trainer','041323222','Jasmine','Cool','12 Lee Street, Yeemin, 4231',0),(5,'jay.high@gmail.com','$2a$10$lwboDIgjQIqflSWPhJkjf.kcZlE4A6mmPJJdkwzFLXgBFNO7OpdgS','trainer','0487654321','Jay','High','79 Middle Road, Ipiswich, 4289',0),(6,'janet.Lynn@gmail.com','abc123','member','047323222','Janet','Lynn','235 Mole Avenue, Fig Tree Pocket, 4016',0),(7,'june.summer@email.com','abc123','member','049323222','June','Summer','12 Willow Road, Chemerside, 4135',0),(8,'jeremy.rouselle@gmail.com','abc123','member','040323222','Jeremy','Rouselle','36 Husk Street, Caramee, 4123',0),(9,'jack.little@gmail.com','abc123','member','046323222','Jack','Little','56 Schee Road, Ashgrove, 4225',0),(10,'janice.bing@gmail.com','abc123','member','042323522','Janice','Bing','1 Parasol lane, Central Perk, 4055',0),(11,'web@gmail.com','abc123','member','0412345678','Amber','Lucky','China town',0),(12,'chiaerwrq@gamil.com','32q23wefd','member','0423232221','bella','Gray','Unit21, 123 Middle road, Indooroopilly, 4068',0),(13,'wwdd@saf.com','asdfvxsc','member','0437545633','Yin','Lucky','Unit34, 123 high street, chermside, 4078',0),(14,'june.er@gmail.com','wrweqsdf','member','0412345675','yytr','asfre','Unit3, 23 McDonald avenue, BillyHill, 3456',0),(15,'bellala.lky@gmail.com','safdsdfwe','member','0412345673','bella','Jay','Unit12, 23 Hi street, asdfas, 2345',0),(16,'edddd@aasdf.com','asdfsadf','member','0412345275','David','Hugh','2 Gog boulevard, Graceville, 3456',0),(17,'bela.lucky@gmail.com','qwerqwe23','member','0427232222','Joe','Fish','Unit 1, 23 Rest avenue, Ashgrove, 2345',0),(18,'jk.wall@gmail.com','asdfasdfs','member','0410345678','jk','wall','Unit 5, 56 Happy street, happytown, 3423',1),(19,'email@gmail.com','asdfwqerfwq','member','0419345673','Super','Man','Unit 7, 23 Stamford street, BrisbaneCity, 2341',0),(20,'safsdf@gmail.com','asdfssdaf','member','0412344675','Ross','Will','Unit 5, 23 Willow street, asdfsdf, 2342',0),(21,'bestletter@mail.com','qassfad','member','0412365675','best','letter','Unit 5, 678 Mog street, BillyHill, 2355',0),(22,'vincent@gmail.com','abc123','member','0412345677','Vincent','lee','China town',0),(23,'highstreet@email.com','abc123','member','0413345678','High','Street','Unit 23, 356 Edward street, Brisbane city, 4000',0),(24,'hi@mail.com','abc123','member','0423262222','Hi','Hello','Unit 5, 56 Heavon street, China Town, 4546',0),(25,'ok@email.com','abc123','member','0419345675','Amber','Jay','Unit 2, 45 Aloha avenue, Billy Hill, 2345',0),(26,'abc@gmail.com','abc123','member','0412365678','Aaron','King','Unit 2, 3 Middle street, Billy Hill, 2345',0),(27,'jargy.werwfs@gmail.com','abc123','member','0423238222','jargy','werwfs','Unit 4, 6 Tian street, Chinese town, 2345',0),(28,'june.s@gmail.com','abc123','member','0414345675','June','Sommes','Unit 6, 34 Stanford street, Graceville, 2342',0),(29,'web23@gmail.com','abc123','member','0412348678','Web','Wang','Unit 4, 6 Dive street, Chinese town, 2342',0),(30,'Aki@gmail.com','abc123','member','0412347975','Aki','Kawamoto','Unit 4, 5 Brandson street, Chinese town, 2342',0),(31,'asfsd@email.com','$2a$10$Segs1zdChR61wD7Sov.FduUtUIPZREhQKNDxB.jJ6DVr4ygHJijPC','member','0423232222','As','May','Unit 5, 89 Happiness street, Billy Hill, 3245',0),(32,'abc112@gmail.com','$2a$10$uNBb0ltFoaCgxyuI5o8MCODQ2TvNHdexMdR0fHBGXNnbmV/wmvLKK','admin','0423237222','Jasper','great','Unit 555, 35 Brandson street, Chinese town, 1357',0),(33,'jack.bauer@email.com','$2a$10$05BLv/rpJKN5nhh6.lKjjOhrHRc.yuEMemvd5197wEhkDZPQ1CGc.','trainer','0423232722','Jack','bauer','Unit 5, 89 McDonald street, Billy Hill, 2345',0),(34,'sandy@email.com','$2a$10$52DXYlZ6oU32shQyFTDsZu5HX55YKxE62Pth9JTNcAnTpN4PonSAe','trainer','0412365673','Sandy','Lynn','Unit 34, 52 Middle street, BillyHill, 2345',0),(35,'Emma@mail.com','$2a$10$.n6RmpkxcAkHXMVeLMedyO8SH5GySG9cLQx./btq/hKGKJjfl7zQe','trainer','0412387675','Emma','Great','Unit 324, 4 McDonald street, Billy Hill, 1234',0),(36,'first@email.com','$2a$10$4aXXw9I2ns20hHA2CRDZZO/4gDMaVSCC.y.qwLQ3xf9kWTYFaOT.u','admin','0413232222','AA','AA','Unit 23, 23 Middle street, Chinese town, 2345',0),(37,'jane@email.com','$2a$10$RQ4mIbwJiRh3LEOuk2bx/OHqYE.kOrEP3GAriFC6eEB2mALaS80ce','admin','0463232222','Jane','Holland','Unit 5, 67 Museum boulevard, Graceville, 3245',0),(38,'jasper@gmail.com','$2a$10$Cs3QxyS8EoG9qkN1pRbUteFbSfrmUQwrdee8Nd.VxPCBU2qfsiW3y','admin','0423292222','Jasper','Keller','Unit 5, 6 Holly street, Graceville, 2345',0),(39,'a@gmail.com','$2a$10$7SF9SYr9tJnteMn8euvJNuy93qhmv2SZCxwQXHADMJfvj6itZRwmC','admin','0412375675','Vincent','Lee','Unit 3, 43 Brandson street, sunny hills, 2302',0),(40,'wendy.ho@gmail.com','$2a$10$yCfrs6Lvb0AHDkKlSQagWOp8EDwlYTqlOLamefU75FZWnusGaxNNe','member','0423932222','Wendy','Ho','2 Rowie Street, Graceville, 4056',0),(41,'trainer@mail.com','$2a$10$kUEX3hbWDYoYTXQ2SQ62HuCaTwmKkPLlkG0NqhGe/ukW1Zbly2EN.','trainer','0438222113','Godilocks','Bear','12 Forest street, Forest, Ville',0),(42,'member@mail.com','$2a$10$EY0ajE6tyampkGo5yPh5X.Xo6.HuCe6Bq664.ZfZtbucjOYKr8Hwq','member','0427268822','Alice','Young','12 Grilley Road, Bowen, 4089',0),(43,'test@gmail.com','$2a$10$qu/qBa3HMKUNAt2Ydb4eTOC/EStdmTtRN/N8iRQJfMPNVp2AIO6fa','member','0423123123','test','testtest','werq',1),(44,'ruby@gmail.com','$2a$10$Ayt99LwsVUo.d7JEy336o.s6QpsCWv.buYANo4bOJ6X4AsWv5Z.IG','trainer','0434567822','Ruby','Lee','12 Queen Road, Rieland',0),(45,'jayde@gmail.com','$2a$10$dWVAXQrSF24tRIIX8CsCAOiZ7ob/k0ijy8a7vTuZgWSkDzdxCiVey','member','0456345648','Jayde','Guerre','Unit 2, 12 Star street, Star, 3456',0),(46,'jose@gmail.com','$2a$10$UtXWcjNmnMbNgBp2MqErnuXtqX98gnSVHiN19ZcYNwG6/M90.msE.','member','0412367898','Josy','Great','35 Superman parade, Ashgrove, 4580',0),(47,'amber@gmail.com','$2a$10$akKcuvYlrYqNGzF4BTW6o.u4VAQXBaozcyUGkYOmHyNNENFXw3ChW','member','0438271983','Amber','Belle','369 Great boulevard, Chapel Hill, 4070',0),(48,'figo@gmail.com','$2a$10$QNz/an.Cs0UDpWJiSX3VIubo7647DsbTUgDrBplut3GKjz5Rz1NNC','member','0412345658','Figo','Great','16 Queen Road, Rieland',0),(50,'harimoto@gmail.com','$2a$10$8.IKufMB5znGsHzLQJIu3.zsWymFYnPLHCQAIUtJF/COy0G11uawe','member','0452345678','tomokazu','harimoto','12 Stone Street, Jindeli, 4567',0),(51,'nomura@gmail.com','$2a$10$DfKxrrcCYh3OJkkvdniDN.o6U0TkfC8iGxAiHRGfmNl4uStFr7lJa','member','0456839223','kota','nomura','Unit 12, 92 Wuli Drive, asdfw, 4873',0),(52,'josie@gmail.com','$2a$10$32FHx73uIVOz941IU1W5XeJQHhdf8e0XNZrL5B2yBCfsWVOGAACme','admin','0412345698','Josie','Greate','Unit 12, 23 Hello Street, Change, 2342',0),(53,'jess@gmail.com','$2a$10$wtMy65enRxJM8lZp5AAsJufqEDQJdEWPg4gur5xODJ/UhepACIiHm','member','0433222342','Josie','France','Unit 1, 23 Google Street, Yeronga, 2342',0),(55,'asdfsadf@gmail.com','$2a$10$LZQb8n8n/evzNV5TaRc4cOxPOfNKTGLA9tCUQjORcyI4T.7TOWPEW','admin','0423567890','Jimmy','Chou','Unit 23, 234 Hi Road, Yeronga, 3422',0),(57,'eddie999@gmail.com','$2a$10$rAXs2LSLmck2QrUNRnZtHeaD33T2T8vtd9QeYs104lPN9vN.az9jK','admin','0433330000','Eddie','Great','34 Wonderful Street, Yenoga, 3333',0),(58,'eddie456@gmail.com','$2a$10$heteh/A9QY/2KfquFJol3.B3Ku8/2whUxlaZ7GKCmMbGG8zJSCWYq','admin','0433334444','eddie','good','45 Good Street, Good, 4000',0),(59,'eddie888@gmail.com','$2a$10$B.O2drXmpUuuFA8s5QH1NeAZH7GMxII1EbQh8bH.VC/jOQPfxbvzm','admin','0433335555','Eddie','Great','2342 Kew Parade, Pooh, 2434',0),(60,'chunlin@gmail.com','$2a$10$R6F554nYUVeK1QiKeDSfl.j/l6gRYZi2Mpxoasbtr/01A9IxrOJ96','member','0477886699','Chunlin','Li','Unit 6, 100 Happy Crescent, Windsor, 2345',0),(61,'fidrigo@gmail.com','$2a$10$yLNiT0jZlLzAjsvlDHqd/u8nkdmqz06mYg1Iw0hsomnwIIwroeFrW','member','0433366688','Figo','Huang','45 Hello Street, Himount, 3436',0),(62,'deigo@gmail.com','$2a$10$TVVovNna1g8u3vVtn5hv3ee2i7IijiNiBJvI/SUn15wOpt5D6BO0O','member','0434567893','Deigo','Wagawaga','Unit 5, 23 Grany Boulevard, Ferny Hills, 2344',0),(63,'martin@gmail.com','$2a$10$AjsaRoNU/pnpe3xV/E9qfeir8EMosis37pDMhyL4JM.hNGtl8Nnku','trainer','0432245643','Martin','Lee','Unit 100, 100 Gray Place, Windsor, 2342',0),(65,'trainer@gmail.com','$2a$10$B4FlOZK0F2KSwppkLDpcPu59LwvQn4iCIGYt6IA1TyZyyg9.Of.PK','trainer','0455643322','trainer','trainer','666 Kiob Street, Camp Hill, 2354',0),(67,'member1@gmail.com','$2a$10$zDWnFzXrh.HcMz92GA79gOy60yO/fMYtTe02hKm5RleDbMHL68oJu','member','0456644332','Member','Ma','Unit 5, 234 Good Street, Good, 2342',0),(68,'member@gmail.com','$2a$10$BEXL9oGvm.T/gPrE8kchgeWoHu8JQlvLmw3FgQnDWt1tdDLvVQJ4u','member','0422283842','Patrick','Great','98 Willson Street, Willson, 2342',0),(69,'amber1@gmail.com','$2a$10$5B.wo7AwO71jpwfnrL5FU.1LyX5ufQ9yVLnUFc5y1utKrf9qWTvEe','member','0483728294','Amber','Amber','Unit 23, 345 Dewrang Street, Taringa, 2342',0),(70,'jeremy@gmail.com','$2a$10$zOGsTvBF/1weMFbPuoTUwuKAmLmU4xzQpbxFeJGqNmOvmd29I6l1a','member','0482728383','Jeremy','Superman','999 Wharf Circuit, Cumera, 4999',0);
/*!40000 ALTER TABLE `users` ENABLE KEYS */;
UNLOCK TABLES;
/*!40103 SET TIME_ZONE=@OLD_TIME_ZONE */;

/*!40101 SET SQL_MODE=@OLD_SQL_MODE */;
/*!40014 SET FOREIGN_KEY_CHECKS=@OLD_FOREIGN_KEY_CHECKS */;
/*!40014 SET UNIQUE_CHECKS=@OLD_UNIQUE_CHECKS */;
/*!40101 SET CHARACTER_SET_CLIENT=@OLD_CHARACTER_SET_CLIENT */;
/*!40101 SET CHARACTER_SET_RESULTS=@OLD_CHARACTER_SET_RESULTS */;
/*!40101 SET COLLATION_CONNECTION=@OLD_COLLATION_CONNECTION */;
/*!40111 SET SQL_NOTES=@OLD_SQL_NOTES */;

-- Dump completed on 2024-10-10  9:14:28
